/*******************************************************************************
 * Size: 30 px
 * Bpp: 4
 * Opts: --no-compress --bpp 4 --size 30 --format lvgl --lv-include lvgl.h --font flightscnr/fonts/inter/Inter-Bold.ttf -r 0x20-0x7E,0xB0,0xB7,0x2013,0x2014,0x2019,0x2022,0x2026,0x2191,0x2193 --font flightscnr/fonts/inter/Inter-Bold.ttf -r 0x2192 --lv-font-name fs_text_30 --lv-fallback fs_icons_24 -o src/ui/fonts/fs_text_30.c
 ******************************************************************************/

#ifdef LV_LVGL_H_INCLUDE_SIMPLE
#include "lvgl.h"
#else
#include "lvgl.h"
#endif

#ifndef FS_TEXT_30
#define FS_TEXT_30 1
#endif

#if FS_TEXT_30

/*-----------------
 *    BITMAPS
 *----------------*/

/*Store the image of the glyphs*/
static LV_ATTRIBUTE_LARGE_CONST const uint8_t glyph_bitmap[] = {
    /* U+0020 " " */

    /* U+0021 "!" */
    0x4f, 0xff, 0xf6, 0x4f, 0xff, 0xf6, 0x3f, 0xff,
    0xf5, 0x3f, 0xff, 0xf5, 0x3f, 0xff, 0xf5, 0x2f,
    0xff, 0xf4, 0x2f, 0xff, 0xf4, 0x2f, 0xff, 0xf4,
    0x2f, 0xff, 0xf3, 0x1f, 0xff, 0xf3, 0x1f, 0xff,
    0xf3, 0x1f, 0xff, 0xf2, 0xf, 0xff, 0xf2, 0xf,
    0xff, 0xf2, 0xf, 0xff, 0xf1, 0x4, 0x44, 0x40,
    0x0, 0x0, 0x0, 0x8, 0xff, 0xa0, 0x5f, 0xff,
    0xf7, 0x7f, 0xff, 0xfa, 0x4f, 0xff, 0xf6, 0x7,
    0xee, 0x90,

    /* U+0022 "\"" */
    0xf, 0xff, 0xf2, 0xa, 0xff, 0xf8, 0xf, 0xff,
    0xf1, 0x9, 0xff, 0xf8, 0xe, 0xff, 0xf1, 0x8,
    0xff, 0xf7, 0xe, 0xff, 0xf0, 0x7, 0xff, 0xf6,
    0xd, 0xff, 0xf0, 0x7, 0xff, 0xf5, 0xc, 0xff,
    0xe0, 0x6, 0xff, 0xf5, 0xb, 0xff, 0xe0, 0x5,
    0xff, 0xf4, 0xa, 0xff, 0xd0, 0x4, 0xff, 0xf3,
    0xa, 0xff, 0xc0, 0x3, 0xff, 0xf2, 0x3, 0x55,
    0x30, 0x1, 0x55, 0x50,

    /* U+0023 "#" */
    0x0, 0x0, 0x1, 0xff, 0xf4, 0x0, 0x6, 0xff,
    0xe0, 0x0, 0x0, 0x0, 0x4, 0xff, 0xf1, 0x0,
    0x9, 0xff, 0xb0, 0x0, 0x0, 0x0, 0x6, 0xff,
    0xe0, 0x0, 0xc, 0xff, 0x90, 0x0, 0x0, 0x0,
    0x9, 0xff, 0xb0, 0x0, 0xe, 0xff, 0x60, 0x0,
    0x0, 0x0, 0xc, 0xff, 0x80, 0x0, 0x1f, 0xff,
    0x30, 0x0, 0x0, 0xff, 0xff, 0xff, 0xff, 0xff,
    0xff, 0xff, 0xff, 0xf0, 0x1, 0xff, 0xff, 0xff,
    0xff, 0xff, 0xff, 0xff, 0xff, 0xe0, 0x4, 0xff,
    0xff, 0xff, 0xff, 0xff, 0xff, 0xff, 0xff, 0xb0,
    0x2, 0x66, 0xaf, 0xfe, 0x66, 0x66, 0xef, 0xfb,
    0x66, 0x30, 0x0, 0x0, 0x9f, 0xfb, 0x0, 0x0,
    0xef, 0xf6, 0x0, 0x0, 0x0, 0x0, 0xbf, 0xf9,
    0x0, 0x1, 0xff, 0xf4, 0x0, 0x0, 0x0, 0x0,
    0xef, 0xf6, 0x0, 0x3, 0xff, 0xf1, 0x0, 0x0,
    0x0, 0x0, 0xff, 0xf4, 0x0, 0x6, 0xff, 0xf0,
    0x0, 0x0, 0x3f, 0xff, 0xff, 0xff, 0xff, 0xff,
    0xff, 0xff, 0xfc, 0x0, 0x5f, 0xff, 0xff, 0xff,
    0xff, 0xff, 0xff, 0xff, 0xfa, 0x0, 0x8f, 0xff,
    0xff, 0xff, 0xff, 0xff, 0xff, 0xff, 0xf7, 0x0,
    0x46, 0x6d, 0xff, 0xc6, 0x66, 0x6f, 0xff, 0x86,
    0x62, 0x0, 0x0, 0xd, 0xff, 0x70, 0x0, 0x2f,
    0xff, 0x20, 0x0, 0x0, 0x0, 0xf, 0xff, 0x50,
    0x0, 0x5f, 0xff, 0x0, 0x0, 0x0, 0x0, 0x2f,
    0xff, 0x20, 0x0, 0x7f, 0xfd, 0x0, 0x0, 0x0,
    0x0, 0x4f, 0xff, 0x0, 0x0, 0xaf, 0xfa, 0x0,
    0x0, 0x0, 0x0, 0x7f, 0xfd, 0x0, 0x0, 0xdf,
    0xf8, 0x0, 0x0, 0x0,

    /* U+0024 "$" */
    0x0, 0x0, 0x0, 0x0, 0x65, 0x0, 0x0, 0x0,
    0x0, 0x0, 0x0, 0x0, 0x0, 0xed, 0x0, 0x0,
    0x0, 0x0, 0x0, 0x0, 0x0, 0x0, 0xed, 0x0,
    0x0, 0x0, 0x0, 0x0, 0x0, 0x0, 0x0, 0xed,
    0x0, 0x0, 0x0, 0x0, 0x0, 0x0, 0x28, 0xdf,
    0xff, 0xed, 0x82, 0x0, 0x0, 0x0, 0x8, 0xff,
    0xff, 0xff, 0xff, 0xff, 0x80, 0x0, 0x0, 0xaf,
    0xff, 0xff, 0xff, 0xff, 0xff, 0xfa, 0x0, 0x6,
    0xff, 0xff, 0xfd, 0xff, 0xdf, 0xff, 0xff, 0x50,
    0xd, 0xff, 0xff, 0x40, 0xed, 0x4, 0xff, 0xff,
    0xc0, 0xf, 0xff, 0xf9, 0x0, 0xed, 0x0, 0x7f,
    0xff, 0xf0, 0x2f, 0xff, 0xf8, 0x0, 0xed, 0x0,
    0x15, 0x55, 0x50, 0xf, 0xff, 0xfe, 0x20, 0xed,
    0x0, 0x0, 0x0, 0x0, 0xc, 0xff, 0xff, 0xf9,
    0xfd, 0x0, 0x0, 0x0, 0x0, 0x3, 0xff, 0xff,
    0xff, 0xff, 0xb7, 0x20, 0x0, 0x0, 0x0, 0x4e,
    0xff, 0xff, 0xff, 0xff, 0xfb, 0x30, 0x0, 0x0,
    0x1, 0x8e, 0xff, 0xff, 0xff, 0xff, 0xf7, 0x0,
    0x0, 0x0, 0x0, 0x37, 0xff, 0xff, 0xff, 0xff,
    0x60, 0x0, 0x0, 0x0, 0x0, 0xed, 0x4b, 0xff,
    0xff, 0xe0, 0x0, 0x0, 0x0, 0x0, 0xed, 0x0,
    0x8f, 0xff, 0xf3, 0xae, 0xee, 0xa0, 0x0, 0xed,
    0x0, 0x2f, 0xff, 0xf5, 0x9f, 0xff, 0xf1, 0x0,
    0xed, 0x0, 0x5f, 0xff, 0xf5, 0x5f, 0xff, 0xfc,
    0x20, 0xed, 0x3, 0xef, 0xff, 0xf2, 0xd, 0xff,
    0xff, 0xfc, 0xff, 0xdf, 0xff, 0xff, 0xb0, 0x4,
    0xff, 0xff, 0xff, 0xff, 0xff, 0xff, 0xfe, 0x20,
    0x0, 0x4e, 0xff, 0xff, 0xff, 0xff, 0xff, 0xd3,
    0x0, 0x0, 0x0, 0x6b, 0xef, 0xff, 0xfe, 0xa5,
    0x0, 0x0, 0x0, 0x0, 0x0, 0x0, 0xed, 0x0,
    0x0, 0x0, 0x0, 0x0, 0x0, 0x0, 0x0, 0xed,
    0x0, 0x0, 0x0, 0x0, 0x0, 0x0, 0x0, 0x0,
    0xed, 0x0, 0x0, 0x0, 0x0,

    /* U+0025 "%" */
    0x0, 0x29, 0xef, 0xe9, 0x20, 0x0, 0x0, 0x0,
    0x0, 0x3f, 0xfc, 0x0, 0x0, 0x2, 0xef, 0xff,
    0xff, 0xe2, 0x0, 0x0, 0x0, 0x0, 0xdf, 0xf2,
    0x0, 0x0, 0xc, 0xff, 0xfc, 0xff, 0xfc, 0x0,
    0x0, 0x0, 0x9, 0xff, 0x70, 0x0, 0x0, 0x2f,
    0xff, 0x10, 0x2f, 0xff, 0x10, 0x0, 0x0, 0x4f,
    0xfc, 0x0, 0x0, 0x0, 0x4f, 0xfc, 0x0, 0xd,
    0xff, 0x30, 0x0, 0x0, 0xef, 0xf2, 0x0, 0x0,
    0x0, 0x4f, 0xfc, 0x0, 0xd, 0xff, 0x30, 0x0,
    0x9, 0xff, 0x60, 0x0, 0x0, 0x0, 0x2f, 0xff,
    0x10, 0x2f, 0xff, 0x10, 0x0, 0x4f, 0xfb, 0x0,
    0x0, 0x0, 0x0, 0xd, 0xff, 0xfc, 0xff, 0xfc,
    0x0, 0x1, 0xef, 0xf1, 0x0, 0x0, 0x0, 0x0,
    0x3, 0xff, 0xff, 0xff, 0xf2, 0x0, 0xa, 0xff,
    0x60, 0x0, 0x0, 0x0, 0x0, 0x0, 0x2a, 0xef,
    0xea, 0x20, 0x0, 0x5f, 0xfb, 0x0, 0x0, 0x0,
    0x0, 0x0, 0x0, 0x0, 0x0, 0x0, 0x0, 0x1,
    0xef, 0xe1, 0x0, 0x0, 0x0, 0x0, 0x0, 0x0,
    0x0, 0x0, 0x0, 0x0, 0xb, 0xff, 0x50, 0x0,
    0x5c, 0xfe, 0xc5, 0x0, 0x0, 0x0, 0x0, 0x0,
    0x0, 0x6f, 0xfa, 0x0, 0x8, 0xff, 0xff, 0xff,
    0x70, 0x0, 0x0, 0x0, 0x0, 0x1, 0xff, 0xe1,
    0x0, 0x3f, 0xff, 0xdd, 0xff, 0xf2, 0x0, 0x0,
    0x0, 0x0, 0xb, 0xff, 0x40, 0x0, 0x9f, 0xfa,
    0x0, 0xbf, 0xf8, 0x0, 0x0, 0x0, 0x0, 0x6f,
    0xf9, 0x0, 0x0, 0xbf, 0xf5, 0x0, 0x5f, 0xfb,
    0x0, 0x0, 0x0, 0x2, 0xff, 0xd0, 0x0, 0x0,
    0xcf, 0xf4, 0x0, 0x5f, 0xfc, 0x0, 0x0, 0x0,
    0xc, 0xff, 0x30, 0x0, 0x0, 0xbf, 0xf5, 0x0,
    0x5f, 0xfb, 0x0, 0x0, 0x0, 0x7f, 0xf8, 0x0,
    0x0, 0x0, 0x9f, 0xfa, 0x0, 0xaf, 0xf8, 0x0,
    0x0, 0x2, 0xff, 0xd0, 0x0, 0x0, 0x0, 0x3f,
    0xff, 0xdd, 0xff, 0xf2, 0x0, 0x0, 0xd, 0xff,
    0x30, 0x0, 0x0, 0x0, 0x8, 0xff, 0xff, 0xff,
    0x70, 0x0, 0x0, 0x8f, 0xf8, 0x0, 0x0, 0x0,
    0x0, 0x0, 0x5c, 0xff, 0xc5, 0x0,

    /* U+0026 "&" */
    0x0, 0x0, 0x18, 0xdf, 0xfd, 0x71, 0x0, 0x0,
    0x0, 0x0, 0x0, 0x3, 0xef, 0xff, 0xff, 0xfe,
    0x20, 0x0, 0x0, 0x0, 0x0, 0x1e, 0xff, 0xff,
    0xff, 0xff, 0xd0, 0x0, 0x0, 0x0, 0x0, 0x8f,
    0xff, 0xfb, 0xbf, 0xff, 0xf6, 0x0, 0x0, 0x0,
    0x0, 0xcf, 0xff, 0x50, 0x4, 0xff, 0xf9, 0x0,
    0x0, 0x0, 0x0, 0xdf, 0xff, 0x0, 0x0, 0xff,
    0xf9, 0x0, 0x0, 0x0, 0x0, 0xcf, 0xff, 0x0,
    0x3, 0xff, 0xf6, 0x0, 0x0, 0x0, 0x0, 0x7f,
    0xff, 0x70, 0x2e, 0xff, 0xe0, 0x0, 0x0, 0x0,
    0x0, 0x1e, 0xff, 0xf7, 0xff, 0xff, 0x30, 0x0,
    0x0, 0x0, 0x0, 0x5, 0xff, 0xff, 0xff, 0xe3,
    0x0, 0x0, 0x0, 0x0, 0x0, 0x3, 0xff, 0xff,
    0xfc, 0x10, 0x0, 0x0, 0x0, 0x0, 0x0, 0x6f,
    0xff, 0xff, 0xff, 0x20, 0x0, 0xdd, 0xd9, 0x0,
    0x6, 0xff, 0xff, 0xff, 0xff, 0xe1, 0x2, 0xff,
    0xfa, 0x0, 0x3f, 0xff, 0xfa, 0x1d, 0xff, 0xfd,
    0x15, 0xff, 0xf8, 0x0, 0x9f, 0xff, 0xc0, 0x1,
    0xef, 0xff, 0xcc, 0xff, 0xf4, 0x0, 0xcf, 0xff,
    0x80, 0x0, 0x2e, 0xff, 0xff, 0xff, 0xf0, 0x0,
    0xbf, 0xff, 0xa0, 0x0, 0x3, 0xff, 0xff, 0xff,
    0x80, 0x0, 0x9f, 0xff, 0xf5, 0x0, 0x0, 0xaf,
    0xff, 0xfe, 0x10, 0x0, 0x2f, 0xff, 0xff, 0xda,
    0xcf, 0xff, 0xff, 0xff, 0x40, 0x0, 0x8, 0xff,
    0xff, 0xff, 0xff, 0xff, 0xff, 0xff, 0xe2, 0x0,
    0x0, 0x7f, 0xff, 0xff, 0xff, 0xff, 0xac, 0xff,
    0xfd, 0x0, 0x0, 0x2, 0x8c, 0xef, 0xec, 0x82,
    0x1, 0xef, 0xff, 0xa0,

    /* U+0027 "'" */
    0xf, 0xff, 0xf2, 0xf, 0xff, 0xf1, 0xe, 0xff,
    0xf1, 0xe, 0xff, 0xf0, 0xd, 0xff, 0xf0, 0xc,
    0xff, 0xe0, 0xb, 0xff, 0xe0, 0xa, 0xff, 0xd0,
    0xa, 0xff, 0xc0, 0x3, 0x55, 0x30,

    /* U+0028 "(" */
    0x0, 0x0, 0xef, 0xfe, 0x20, 0x0, 0x8f, 0xff,
    0xb0, 0x0, 0xe, 0xff, 0xf5, 0x0, 0x5, 0xff,
    0xff, 0x0, 0x0, 0xbf, 0xff, 0xa0, 0x0, 0x1f,
    0xff, 0xf5, 0x0, 0x5, 0xff, 0xff, 0x10, 0x0,
    0x9f, 0xff, 0xd0, 0x0, 0xd, 0xff, 0xfa, 0x0,
    0x0, 0xff, 0xff, 0x70, 0x0, 0x2f, 0xff, 0xf4,
    0x0, 0x5, 0xff, 0xff, 0x20, 0x0, 0x6f, 0xff,
    0xf0, 0x0, 0x7, 0xff, 0xff, 0x0, 0x0, 0x8f,
    0xff, 0xf0, 0x0, 0x7, 0xff, 0xff, 0x0, 0x0,
    0x6f, 0xff, 0xf0, 0x0, 0x5, 0xff, 0xff, 0x20,
    0x0, 0x3f, 0xff, 0xf4, 0x0, 0x0, 0xff, 0xff,
    0x70, 0x0, 0xc, 0xff, 0xfb, 0x0, 0x0, 0x8f,
    0xff, 0xf0, 0x0, 0x3, 0xff, 0xff, 0x40, 0x0,
    0xd, 0xff, 0xf9, 0x0, 0x0, 0x7f, 0xff, 0xe0,
    0x0, 0x1, 0xff, 0xff, 0x50, 0x0, 0x8, 0xff,
    0xfb, 0x0, 0x0, 0x1f, 0xff, 0xf2,

    /* U+0029 ")" */
    0xc, 0xff, 0xf4, 0x0, 0x0, 0x6f, 0xff, 0xc0,
    0x0, 0x0, 0xff, 0xff, 0x40, 0x0, 0xb, 0xff,
    0xfa, 0x0, 0x0, 0x5f, 0xff, 0xf1, 0x0, 0x1,
    0xff, 0xff, 0x50, 0x0, 0xc, 0xff, 0xfa, 0x0,
    0x0, 0x8f, 0xff, 0xe0, 0x0, 0x5, 0xff, 0xff,
    0x10, 0x0, 0x2f, 0xff, 0xf5, 0x0, 0x0, 0xff,
    0xff, 0x70, 0x0, 0xd, 0xff, 0xf9, 0x0, 0x0,
    0xcf, 0xff, 0xb0, 0x0, 0xb, 0xff, 0xfc, 0x0,
    0x0, 0xaf, 0xff, 0xc0, 0x0, 0xb, 0xff, 0xfc,
    0x0, 0x0, 0xbf, 0xff, 0xb0, 0x0, 0xd, 0xff,
    0xfa, 0x0, 0x0, 0xff, 0xff, 0x70, 0x0, 0x3f,
    0xff, 0xf4, 0x0, 0x6, 0xff, 0xff, 0x10, 0x0,
    0xaf, 0xff, 0xd0, 0x0, 0xf, 0xff, 0xf7, 0x0,
    0x4, 0xff, 0xff, 0x20, 0x0, 0xaf, 0xff, 0xc0,
    0x0, 0xf, 0xff, 0xf5, 0x0, 0x6, 0xff, 0xfc,
    0x0, 0x0, 0xdf, 0xff, 0x40, 0x0,

    /* U+002A "*" */
    0x0, 0x0, 0xf, 0xfb, 0x0, 0x0, 0x0, 0x0,
    0x0, 0xef, 0xb0, 0x0, 0x0, 0x9, 0x90, 0xd,
    0xfa, 0x2, 0xc5, 0x2, 0xff, 0xe4, 0xcf, 0x96,
    0xff, 0xd0, 0x5e, 0xff, 0xff, 0xff, 0xff, 0xfd,
    0x20, 0x7, 0xef, 0xff, 0xff, 0xd6, 0x0, 0x0,
    0x7, 0xff, 0xff, 0xf4, 0x0, 0x0, 0x6d, 0xff,
    0xff, 0xff, 0xfc, 0x40, 0x6f, 0xff, 0xcd, 0xfc,
    0xef, 0xff, 0x30, 0xef, 0x80, 0xdf, 0x91, 0xaf,
    0xa0, 0x4, 0x30, 0xe, 0xfa, 0x0, 0x52, 0x0,
    0x0, 0x0, 0xff, 0xb0, 0x0, 0x0, 0x0, 0x0,
    0x9, 0x97, 0x0, 0x0, 0x0,

    /* U+002B "+" */
    0x0, 0x0, 0x0, 0xaf, 0xff, 0x0, 0x0, 0x0,
    0x0, 0x0, 0x0, 0xaf, 0xff, 0x0, 0x0, 0x0,
    0x0, 0x0, 0x0, 0xaf, 0xff, 0x0, 0x0, 0x0,
    0x0, 0x0, 0x0, 0xaf, 0xff, 0x0, 0x0, 0x0,
    0x0, 0x0, 0x0, 0xaf, 0xff, 0x0, 0x0, 0x0,
    0x0, 0x0, 0x0, 0xaf, 0xff, 0x0, 0x0, 0x0,
    0x5f, 0xff, 0xff, 0xff, 0xff, 0xff, 0xff, 0xfb,
    0x5f, 0xff, 0xff, 0xff, 0xff, 0xff, 0xff, 0xfb,
    0x5f, 0xff, 0xff, 0xff, 0xff, 0xff, 0xff, 0xfb,
    0x29, 0x99, 0x99, 0xdf, 0xff, 0x99, 0x99, 0x96,
    0x0, 0x0, 0x0, 0xaf, 0xff, 0x0, 0x0, 0x0,
    0x0, 0x0, 0x0, 0xaf, 0xff, 0x0, 0x0, 0x0,
    0x0, 0x0, 0x0, 0xaf, 0xff, 0x0, 0x0, 0x0,
    0x0, 0x0, 0x0, 0xaf, 0xff, 0x0, 0x0, 0x0,
    0x0, 0x0, 0x0, 0xaf, 0xff, 0x0, 0x0, 0x0,
    0x0, 0x0, 0x0, 0x46, 0x66, 0x0, 0x0, 0x0,

    /* U+002C "," */
    0x0, 0x45, 0x55, 0x10, 0x1f, 0xff, 0xf2, 0x3,
    0xff, 0xfe, 0x0, 0x5f, 0xff, 0x90, 0x7, 0xff,
    0xf5, 0x0, 0xaf, 0xff, 0x0, 0xc, 0xff, 0xb0,
    0x0, 0xef, 0xf7, 0x0, 0xf, 0xff, 0x20, 0x2,
    0xff, 0xe0, 0x0,

    /* U+002D "-" */
    0x99, 0x99, 0x99, 0x99, 0x99, 0xff, 0xff, 0xff,
    0xff, 0xff, 0xff, 0xff, 0xff, 0xff, 0xff, 0xff,
    0xff, 0xff, 0xff, 0xff,

    /* U+002E "." */
    0x0, 0x1, 0x0, 0x9, 0xff, 0x90, 0x5f, 0xff,
    0xf5, 0x7f, 0xff, 0xf7, 0x4f, 0xff, 0xf4, 0x7,
    0xee, 0x70,

    /* U+002F "/" */
    0x0, 0x0, 0x0, 0xb, 0xff, 0xf1, 0x0, 0x0,
    0x0, 0xf, 0xff, 0xd0, 0x0, 0x0, 0x0, 0x3f,
    0xff, 0x90, 0x0, 0x0, 0x0, 0x7f, 0xff, 0x50,
    0x0, 0x0, 0x0, 0xbf, 0xff, 0x10, 0x0, 0x0,
    0x0, 0xff, 0xfd, 0x0, 0x0, 0x0, 0x4, 0xff,
    0xf8, 0x0, 0x0, 0x0, 0x8, 0xff, 0xf4, 0x0,
    0x0, 0x0, 0xc, 0xff, 0xf0, 0x0, 0x0, 0x0,
    0xf, 0xff, 0xc0, 0x0, 0x0, 0x0, 0x4f, 0xff,
    0x80, 0x0, 0x0, 0x0, 0x8f, 0xff, 0x40, 0x0,
    0x0, 0x0, 0xdf, 0xff, 0x0, 0x0, 0x0, 0x1,
    0xff, 0xfb, 0x0, 0x0, 0x0, 0x5, 0xff, 0xf7,
    0x0, 0x0, 0x0, 0x9, 0xff, 0xf3, 0x0, 0x0,
    0x0, 0xd, 0xff, 0xf0, 0x0, 0x0, 0x0, 0x1f,
    0xff, 0xb0, 0x0, 0x0, 0x0, 0x6f, 0xff, 0x60,
    0x0, 0x0, 0x0, 0xaf, 0xff, 0x20, 0x0, 0x0,
    0x0, 0xef, 0xfe, 0x0, 0x0, 0x0, 0x2, 0xff,
    0xfa, 0x0, 0x0, 0x0, 0x6, 0xff, 0xf6, 0x0,
    0x0, 0x0, 0xa, 0xff, 0xf2, 0x0, 0x0, 0x0,
    0xe, 0xff, 0xd0, 0x0, 0x0, 0x0, 0x3f, 0xff,
    0x90, 0x0, 0x0, 0x0, 0x7f, 0xff, 0x50, 0x0,
    0x0, 0x0,

    /* U+0030 "0" */
    0x0, 0x0, 0x4, 0x9d, 0xff, 0xda, 0x50, 0x0,
    0x0, 0x0, 0x1, 0xbf, 0xff, 0xff, 0xff, 0xfd,
    0x20, 0x0, 0x0, 0x1d, 0xff, 0xff, 0xff, 0xff,
    0xff, 0xe3, 0x0, 0x0, 0xbf, 0xff, 0xff, 0xed,
    0xff, 0xff, 0xfd, 0x0, 0x4, 0xff, 0xff, 0xe3,
    0x0, 0x1c, 0xff, 0xff, 0x80, 0xb, 0xff, 0xff,
    0x20, 0x0, 0x0, 0xef, 0xff, 0xe0, 0x1f, 0xff,
    0xfa, 0x0, 0x0, 0x0, 0x6f, 0xff, 0xf4, 0x4f,
    0xff, 0xf5, 0x0, 0x0, 0x0, 0x1f, 0xff, 0xf7,
    0x7f, 0xff, 0xf2, 0x0, 0x0, 0x0, 0xe, 0xff,
    0xfa, 0x8f, 0xff, 0xf0, 0x0, 0x0, 0x0, 0xc,
    0xff, 0xfc, 0x9f, 0xff, 0xf0, 0x0, 0x0, 0x0,
    0xb, 0xff, 0xfd, 0x9f, 0xff, 0xf0, 0x0, 0x0,
    0x0, 0xb, 0xff, 0xfd, 0x8f, 0xff, 0xf0, 0x0,
    0x0, 0x0, 0xc, 0xff, 0xfc, 0x7f, 0xff, 0xf2,
    0x0, 0x0, 0x0, 0xe, 0xff, 0xfb, 0x4f, 0xff,
    0xf5, 0x0, 0x0, 0x0, 0x1f, 0xff, 0xf8, 0x1f,
    0xff, 0xfa, 0x0, 0x0, 0x0, 0x6f, 0xff, 0xf4,
    0xb, 0xff, 0xff, 0x20, 0x0, 0x0, 0xef, 0xff,
    0xe0, 0x5, 0xff, 0xff, 0xd3, 0x0, 0x1c, 0xff,
    0xff, 0x80, 0x0, 0xbf, 0xff, 0xff, 0xed, 0xff,
    0xff, 0xfe, 0x0, 0x0, 0x1d, 0xff, 0xff, 0xff,
    0xff, 0xff, 0xf3, 0x0, 0x0, 0x1, 0xbf, 0xff,
    0xff, 0xff, 0xfd, 0x30, 0x0, 0x0, 0x0, 0x4,
    0x9d, 0xff, 0xea, 0x50, 0x0, 0x0,

    /* U+0031 "1" */
    0x0, 0x0, 0x8f, 0xff, 0xff, 0x0, 0x2c, 0xff,
    0xff, 0xff, 0x6, 0xff, 0xff, 0xff, 0xff, 0x8f,
    0xff, 0xff, 0xff, 0xff, 0xaf, 0xff, 0x98, 0xff,
    0xff, 0xaf, 0xe4, 0x8, 0xff, 0xff, 0xab, 0x10,
    0x8, 0xff, 0xff, 0x30, 0x0, 0x8, 0xff, 0xff,
    0x0, 0x0, 0x8, 0xff, 0xff, 0x0, 0x0, 0x8,
    0xff, 0xff, 0x0, 0x0, 0x8, 0xff, 0xff, 0x0,
    0x0, 0x8, 0xff, 0xff, 0x0, 0x0, 0x8, 0xff,
    0xff, 0x0, 0x0, 0x8, 0xff, 0xff, 0x0, 0x0,
    0x8, 0xff, 0xff, 0x0, 0x0, 0x8, 0xff, 0xff,
    0x0, 0x0, 0x8, 0xff, 0xff, 0x0, 0x0, 0x8,
    0xff, 0xff, 0x0, 0x0, 0x8, 0xff, 0xff, 0x0,
    0x0, 0x8, 0xff, 0xff, 0x0, 0x0, 0x8, 0xff,
    0xff, 0x0, 0x0, 0x8, 0xff, 0xff,

    /* U+0032 "2" */
    0x0, 0x0, 0x38, 0xde, 0xfe, 0xb7, 0x10, 0x0,
    0x0, 0x0, 0x9f, 0xff, 0xff, 0xff, 0xff, 0x60,
    0x0, 0x0, 0xbf, 0xff, 0xff, 0xff, 0xff, 0xff,
    0x70, 0x0, 0x7f, 0xff, 0xff, 0xcb, 0xef, 0xff,
    0xff, 0x30, 0xe, 0xff, 0xfd, 0x20, 0x0, 0x7f,
    0xff, 0xfa, 0x3, 0xff, 0xff, 0x30, 0x0, 0x0,
    0xaf, 0xff, 0xd0, 0x5f, 0xff, 0xf0, 0x0, 0x0,
    0x6, 0xff, 0xff, 0x0, 0x0, 0x0, 0x0, 0x0,
    0x0, 0x7f, 0xff, 0xd0, 0x0, 0x0, 0x0, 0x0,
    0x0, 0xd, 0xff, 0xf9, 0x0, 0x0, 0x0, 0x0,
    0x0, 0x8, 0xff, 0xff, 0x20, 0x0, 0x0, 0x0,
    0x0, 0x6, 0xff, 0xff, 0x70, 0x0, 0x0, 0x0,
    0x0, 0x6, 0xff, 0xff, 0xb0, 0x0, 0x0, 0x0,
    0x0, 0x7, 0xff, 0xff, 0xc0, 0x0, 0x0, 0x0,
    0x0, 0x8, 0xff, 0xff, 0xc0, 0x0, 0x0, 0x0,
    0x0, 0x9, 0xff, 0xff, 0xb0, 0x0, 0x0, 0x0,
    0x0, 0xa, 0xff, 0xff, 0xb0, 0x0, 0x0, 0x0,
    0x0, 0xb, 0xff, 0xff, 0xb0, 0x0, 0x0, 0x0,
    0x0, 0x1c, 0xff, 0xff, 0xa0, 0x0, 0x0, 0x0,
    0x0, 0x1d, 0xff, 0xff, 0xfd, 0xdd, 0xdd, 0xdd,
    0xdd, 0x33, 0xff, 0xff, 0xff, 0xff, 0xff, 0xff,
    0xff, 0xf4, 0x3f, 0xff, 0xff, 0xff, 0xff, 0xff,
    0xff, 0xff, 0x43, 0xff, 0xff, 0xff, 0xff, 0xff,
    0xff, 0xff, 0xf4,

    /* U+0033 "3" */
    0x0, 0x0, 0x17, 0xce, 0xfe, 0xd9, 0x40, 0x0,
    0x0, 0x0, 0x8f, 0xff, 0xff, 0xff, 0xff, 0xb1,
    0x0, 0x0, 0xaf, 0xff, 0xff, 0xff, 0xff, 0xff,
    0xd1, 0x0, 0x6f, 0xff, 0xff, 0xdb, 0xcf, 0xff,
    0xff, 0x90, 0xd, 0xff, 0xfe, 0x30, 0x0, 0x1d,
    0xff, 0xff, 0x0, 0xff, 0xff, 0x50, 0x0, 0x0,
    0x4f, 0xff, 0xf2, 0x0, 0x0, 0x0, 0x0, 0x0,
    0x3, 0xff, 0xff, 0x10, 0x0, 0x0, 0x0, 0x0,
    0x0, 0xbf, 0xff, 0xc0, 0x0, 0x0, 0x0, 0x46,
    0x79, 0xef, 0xff, 0xe2, 0x0, 0x0, 0x0, 0xc,
    0xff, 0xff, 0xfe, 0x91, 0x0, 0x0, 0x0, 0x0,
    0xcf, 0xff, 0xff, 0xb6, 0x10, 0x0, 0x0, 0x0,
    0xc, 0xff, 0xff, 0xff, 0xfe, 0x40, 0x0, 0x0,
    0x0, 0x0, 0x2, 0x8f, 0xff, 0xff, 0x20, 0x0,
    0x0, 0x0, 0x0, 0x0, 0x3f, 0xff, 0xfa, 0x0,
    0x0, 0x0, 0x0, 0x0, 0x0, 0xcf, 0xff, 0xe4,
    0x99, 0x99, 0x0, 0x0, 0x0, 0xb, 0xff, 0xff,
    0x6f, 0xff, 0xf4, 0x0, 0x0, 0x1, 0xff, 0xff,
    0xd2, 0xff, 0xff, 0xe5, 0x0, 0x3, 0xcf, 0xff,
    0xf9, 0xa, 0xff, 0xff, 0xff, 0xde, 0xff, 0xff,
    0xff, 0x20, 0xc, 0xff, 0xff, 0xff, 0xff, 0xff,
    0xff, 0x40, 0x0, 0x19, 0xff, 0xff, 0xff, 0xff,
    0xfd, 0x30, 0x0, 0x0, 0x2, 0x8c, 0xef, 0xed,
    0x94, 0x0, 0x0,

    /* U+0034 "4" */
    0x0, 0x0, 0x0, 0x0, 0xb, 0xff, 0xff, 0xf3,
    0x0, 0x0, 0x0, 0x0, 0x0, 0x5f, 0xff, 0xff,
    0xf3, 0x0, 0x0, 0x0, 0x0, 0x1, 0xef, 0xff,
    0xff, 0xf3, 0x0, 0x0, 0x0, 0x0, 0x9, 0xff,
    0xff, 0xff, 0xf3, 0x0, 0x0, 0x0, 0x0, 0x3f,
    0xff, 0xff, 0xff, 0xf3, 0x0, 0x0, 0x0, 0x0,
    0xdf, 0xff, 0x7f, 0xff, 0xf3, 0x0, 0x0, 0x0,
    0x8, 0xff, 0xfd, 0xf, 0xff, 0xf3, 0x0, 0x0,
    0x0, 0x2f, 0xff, 0xf3, 0xf, 0xff, 0xf3, 0x0,
    0x0, 0x0, 0xcf, 0xff, 0x90, 0xf, 0xff, 0xf3,
    0x0, 0x0, 0x6, 0xff, 0xfe, 0x10, 0xf, 0xff,
    0xf3, 0x0, 0x0, 0x1f, 0xff, 0xf5, 0x0, 0xf,
    0xff, 0xf3, 0x0, 0x0, 0xaf, 0xff, 0xb0, 0x0,
    0xf, 0xff, 0xf3, 0x0, 0x5, 0xff, 0xff, 0x20,
    0x0, 0xf, 0xff, 0xf3, 0x0, 0xe, 0xff, 0xf7,
    0x0, 0x0, 0xf, 0xff, 0xf3, 0x0, 0x7f, 0xff,
    0xfb, 0xbb, 0xbb, 0xbf, 0xff, 0xfc, 0xba, 0x8f,
    0xff, 0xff, 0xff, 0xff, 0xff, 0xff, 0xff, 0xff,
    0x8f, 0xff, 0xff, 0xff, 0xff, 0xff, 0xff, 0xff,
    0xff, 0x8f, 0xff, 0xff, 0xff, 0xff, 0xff, 0xff,
    0xff, 0xff, 0x0, 0x0, 0x0, 0x0, 0x0, 0x1f,
    0xff, 0xf3, 0x0, 0x0, 0x0, 0x0, 0x0, 0x0,
    0x1f, 0xff, 0xf3, 0x0, 0x0, 0x0, 0x0, 0x0,
    0x0, 0x1f, 0xff, 0xf3, 0x0, 0x0, 0x0, 0x0,
    0x0, 0x0, 0x1f, 0xff, 0xf3, 0x0,

    /* U+0035 "5" */
    0x2, 0xff, 0xff, 0xff, 0xff, 0xff, 0xff, 0xf1,
    0x0, 0x4f, 0xff, 0xff, 0xff, 0xff, 0xff, 0xff,
    0x10, 0x5, 0xff, 0xff, 0xff, 0xff, 0xff, 0xff,
    0xf1, 0x0, 0x7f, 0xff, 0xec, 0xcc, 0xcc, 0xcc,
    0xcc, 0x0, 0x8, 0xff, 0xf7, 0x0, 0x0, 0x0,
    0x0, 0x0, 0x0, 0xaf, 0xff, 0x60, 0x0, 0x0,
    0x0, 0x0, 0x0, 0xb, 0xff, 0xf4, 0x0, 0x0,
    0x0, 0x0, 0x0, 0x0, 0xdf, 0xff, 0x23, 0xae,
    0xfd, 0xa4, 0x0, 0x0, 0xe, 0xff, 0xf9, 0xff,
    0xff, 0xff, 0xf9, 0x0, 0x0, 0xff, 0xff, 0xff,
    0xff, 0xff, 0xff, 0xfa, 0x0, 0x1f, 0xff, 0xff,
    0xb7, 0x7a, 0xff, 0xff, 0xf5, 0x0, 0x47, 0xac,
    0x40, 0x0, 0x3, 0xff, 0xff, 0xc0, 0x0, 0x0,
    0x0, 0x0, 0x0, 0x7, 0xff, 0xff, 0x10, 0x0,
    0x0, 0x0, 0x0, 0x0, 0x2f, 0xff, 0xf3, 0x0,
    0x0, 0x0, 0x0, 0x0, 0x1, 0xff, 0xff, 0x45,
    0x88, 0x87, 0x0, 0x0, 0x0, 0x2f, 0xff, 0xf2,
    0x7f, 0xff, 0xf1, 0x0, 0x0, 0x9, 0xff, 0xff,
    0x3, 0xff, 0xff, 0xb1, 0x0, 0x6, 0xff, 0xff,
    0xa0, 0xb, 0xff, 0xff, 0xfb, 0xad, 0xff, 0xff,
    0xf2, 0x0, 0x1d, 0xff, 0xff, 0xff, 0xff, 0xff,
    0xf4, 0x0, 0x0, 0x1b, 0xff, 0xff, 0xff, 0xff,
    0xe3, 0x0, 0x0, 0x0, 0x4, 0x9d, 0xef, 0xdb,
    0x50, 0x0, 0x0,

    /* U+0036 "6" */
    0x0, 0x0, 0x2, 0x9d, 0xff, 0xdb, 0x60, 0x0,
    0x0, 0x0, 0x0, 0x9f, 0xff, 0xff, 0xff, 0xfd,
    0x40, 0x0, 0x0, 0xb, 0xff, 0xff, 0xff, 0xff,
    0xff, 0xf4, 0x0, 0x0, 0x8f, 0xff, 0xff, 0xff,
    0xff, 0xff, 0xfe, 0x10, 0x2, 0xff, 0xff, 0xd4,
    0x0, 0x2a, 0xff, 0xff, 0x80, 0x9, 0xff, 0xfe,
    0x10, 0x0, 0x0, 0xae, 0xee, 0xa0, 0xe, 0xff,
    0xf6, 0x0, 0x0, 0x0, 0x0, 0x0, 0x0, 0x3f,
    0xff, 0xf1, 0x4, 0xbe, 0xfd, 0xa3, 0x0, 0x0,
    0x6f, 0xff, 0xe0, 0xaf, 0xff, 0xff, 0xff, 0x80,
    0x0, 0x8f, 0xff, 0xca, 0xff, 0xff, 0xff, 0xff,
    0xf8, 0x0, 0x9f, 0xff, 0xff, 0xfb, 0x66, 0xaf,
    0xff, 0xff, 0x30, 0x9f, 0xff, 0xff, 0x60, 0x0,
    0x5, 0xff, 0xff, 0x90, 0x8f, 0xff, 0xfa, 0x0,
    0x0, 0x0, 0xaf, 0xff, 0xe0, 0x7f, 0xff, 0xf5,
    0x0, 0x0, 0x0, 0x5f, 0xff, 0xf0, 0x6f, 0xff,
    0xf3, 0x0, 0x0, 0x0, 0x4f, 0xff, 0xf1, 0x2f,
    0xff, 0xf6, 0x0, 0x0, 0x0, 0x6f, 0xff, 0xf0,
    0xd, 0xff, 0xfc, 0x0, 0x0, 0x0, 0xcf, 0xff,
    0xc0, 0x6, 0xff, 0xff, 0xa0, 0x0, 0x9, 0xff,
    0xff, 0x70, 0x0, 0xdf, 0xff, 0xfe, 0xba, 0xef,
    0xff, 0xfd, 0x0, 0x0, 0x2e, 0xff, 0xff, 0xff,
    0xff, 0xff, 0xf2, 0x0, 0x0, 0x2, 0xcf, 0xff,
    0xff, 0xff, 0xfc, 0x20, 0x0, 0x0, 0x0, 0x4,
    0xad, 0xff, 0xda, 0x40, 0x0, 0x0,

    /* U+0037 "7" */
    0xef, 0xff, 0xff, 0xff, 0xff, 0xff, 0xff, 0xf5,
    0xef, 0xff, 0xff, 0xff, 0xff, 0xff, 0xff, 0xf5,
    0xef, 0xff, 0xff, 0xff, 0xff, 0xff, 0xff, 0xf5,
    0xcd, 0xdd, 0xdd, 0xdd, 0xdd, 0xef, 0xff, 0xf5,
    0x0, 0x0, 0x0, 0x0, 0x0, 0xaf, 0xff, 0xf1,
    0x0, 0x0, 0x0, 0x0, 0x2, 0xff, 0xff, 0x80,
    0x0, 0x0, 0x0, 0x0, 0xa, 0xff, 0xff, 0x10,
    0x0, 0x0, 0x0, 0x0, 0x2f, 0xff, 0xf8, 0x0,
    0x0, 0x0, 0x0, 0x0, 0xaf, 0xff, 0xf1, 0x0,
    0x0, 0x0, 0x0, 0x2, 0xff, 0xff, 0x80, 0x0,
    0x0, 0x0, 0x0, 0xa, 0xff, 0xff, 0x10, 0x0,
    0x0, 0x0, 0x0, 0x2f, 0xff, 0xf8, 0x0, 0x0,
    0x0, 0x0, 0x0, 0xaf, 0xff, 0xe1, 0x0, 0x0,
    0x0, 0x0, 0x2, 0xff, 0xff, 0x70, 0x0, 0x0,
    0x0, 0x0, 0xa, 0xff, 0xfe, 0x0, 0x0, 0x0,
    0x0, 0x0, 0x2f, 0xff, 0xf7, 0x0, 0x0, 0x0,
    0x0, 0x0, 0xaf, 0xff, 0xe0, 0x0, 0x0, 0x0,
    0x0, 0x2, 0xff, 0xff, 0x70, 0x0, 0x0, 0x0,
    0x0, 0xa, 0xff, 0xfe, 0x0, 0x0, 0x0, 0x0,
    0x0, 0x2f, 0xff, 0xf7, 0x0, 0x0, 0x0, 0x0,
    0x0, 0xaf, 0xff, 0xe0, 0x0, 0x0, 0x0, 0x0,
    0x2, 0xff, 0xff, 0x70, 0x0, 0x0, 0x0, 0x0,

    /* U+0038 "8" */
    0x0, 0x0, 0x17, 0xce, 0xfe, 0xd9, 0x40, 0x0,
    0x0, 0x0, 0x8, 0xff, 0xff, 0xff, 0xff, 0xfc,
    0x30, 0x0, 0x0, 0xaf, 0xff, 0xff, 0xff, 0xff,
    0xff, 0xe3, 0x0, 0x4, 0xff, 0xff, 0xfb, 0x89,
    0xef, 0xff, 0xfc, 0x0, 0xa, 0xff, 0xff, 0x30,
    0x0, 0xa, 0xff, 0xff, 0x30, 0xc, 0xff, 0xfa,
    0x0, 0x0, 0x2, 0xff, 0xff, 0x50, 0xb, 0xff,
    0xfa, 0x0, 0x0, 0x1, 0xff, 0xff, 0x30, 0x5,
    0xff, 0xff, 0x20, 0x0, 0x9, 0xff, 0xfd, 0x0,
    0x0, 0xaf, 0xff, 0xf9, 0x67, 0xcf, 0xff, 0xe3,
    0x0, 0x0, 0x7, 0xdf, 0xff, 0xff, 0xff, 0xfa,
    0x20, 0x0, 0x0, 0x4, 0xaf, 0xff, 0xff, 0xff,
    0xd7, 0x10, 0x0, 0x0, 0x9f, 0xff, 0xff, 0xff,
    0xff, 0xff, 0xe3, 0x0, 0x8, 0xff, 0xff, 0xb3,
    0x1, 0x6e, 0xff, 0xff, 0x10, 0x2f, 0xff, 0xf9,
    0x0, 0x0, 0x2, 0xff, 0xff, 0xa0, 0x7f, 0xff,
    0xf2, 0x0, 0x0, 0x0, 0xaf, 0xff, 0xf0, 0x9f,
    0xff, 0xf0, 0x0, 0x0, 0x0, 0x8f, 0xff, 0xf2,
    0x8f, 0xff, 0xf3, 0x0, 0x0, 0x0, 0xbf, 0xff,
    0xf1, 0x5f, 0xff, 0xfc, 0x10, 0x0, 0x6, 0xff,
    0xff, 0xd0, 0xd, 0xff, 0xff, 0xf9, 0x68, 0xcf,
    0xff, 0xff, 0x50, 0x2, 0xef, 0xff, 0xff, 0xff,
    0xff, 0xff, 0xf8, 0x0, 0x0, 0x1a, 0xff, 0xff,
    0xff, 0xff, 0xfe, 0x60, 0x0, 0x0, 0x0, 0x38,
    0xce, 0xfe, 0xda, 0x50, 0x0, 0x0,

    /* U+0039 "9" */
    0x0, 0x0, 0x28, 0xce, 0xfe, 0xc7, 0x10, 0x0,
    0x0, 0x0, 0x8, 0xff, 0xff, 0xff, 0xff, 0xf7,
    0x0, 0x0, 0x0, 0xbf, 0xff, 0xff, 0xff, 0xff,
    0xff, 0x90, 0x0, 0x8, 0xff, 0xff, 0xfd, 0xbd,
    0xff, 0xff, 0xf5, 0x0, 0x1f, 0xff, 0xfe, 0x30,
    0x0, 0x3e, 0xff, 0xfe, 0x0, 0x6f, 0xff, 0xf3,
    0x0, 0x0, 0x3, 0xff, 0xff, 0x50, 0x9f, 0xff,
    0xd0, 0x0, 0x0, 0x0, 0xdf, 0xff, 0xa0, 0x9f,
    0xff, 0xc0, 0x0, 0x0, 0x0, 0xcf, 0xff, 0xd0,
    0x7f, 0xff, 0xf1, 0x0, 0x0, 0x1, 0xff, 0xff,
    0xf0, 0x3f, 0xff, 0xfb, 0x0, 0x0, 0xb, 0xff,
    0xff, 0xf0, 0xd, 0xff, 0xff, 0xe8, 0x68, 0xef,
    0xff, 0xff, 0xf1, 0x3, 0xff, 0xff, 0xff, 0xff,
    0xff, 0x7f, 0xff, 0xf1, 0x0, 0x4e, 0xff, 0xff,
    0xff, 0xe4, 0x5f, 0xff, 0xf0, 0x0, 0x1, 0x7c,
    0xef, 0xd8, 0x10, 0x8f, 0xff, 0xe0, 0x0, 0x0,
    0x0, 0x0, 0x0, 0x0, 0xcf, 0xff, 0xb0, 0x39,
    0x99, 0x91, 0x0, 0x0, 0x2, 0xff, 0xff, 0x60,
    0x2f, 0xff, 0xf7, 0x0, 0x0, 0xb, 0xff, 0xff,
    0x10, 0xd, 0xff, 0xff, 0x71, 0x2, 0xaf, 0xff,
    0xf9, 0x0, 0x4, 0xff, 0xff, 0xff, 0xff, 0xff,
    0xff, 0xe1, 0x0, 0x0, 0x8f, 0xff, 0xff, 0xff,
    0xff, 0xff, 0x40, 0x0, 0x0, 0x7, 0xff, 0xff,
    0xff, 0xff, 0xd3, 0x0, 0x0, 0x0, 0x0, 0x28,
    0xce, 0xfe, 0xb6, 0x0, 0x0, 0x0,

    /* U+003A ":" */
    0x0, 0x11, 0x0, 0x9, 0xff, 0x90, 0x5f, 0xff,
    0xf5, 0x7f, 0xff, 0xf7, 0x4f, 0xff, 0xf4, 0x7,
    0xee, 0x70, 0x0, 0x0, 0x0, 0x0, 0x0, 0x0,
    0x0, 0x0, 0x0, 0x0, 0x0, 0x0, 0x0, 0x0,
    0x0, 0x0, 0x1, 0x0, 0x9, 0xff, 0x90, 0x5f,
    0xff, 0xf5, 0x7f, 0xff, 0xf7, 0x4f, 0xff, 0xf4,
    0x7, 0xee, 0x70,

    /* U+003B ";" */
    0x0, 0x4d, 0xfa, 0x0, 0xe, 0xff, 0xf8, 0x3,
    0xff, 0xff, 0xc0, 0x1f, 0xff, 0xf9, 0x0, 0x6f,
    0xfc, 0x10, 0x0, 0x1, 0x0, 0x0, 0x0, 0x0,
    0x0, 0x0, 0x0, 0x0, 0x0, 0x0, 0x0, 0x0,
    0x0, 0x0, 0x0, 0x0, 0x0, 0x0, 0x0, 0x0,
    0x0, 0x0, 0x0, 0x45, 0x55, 0x10, 0x1f, 0xff,
    0xf2, 0x3, 0xff, 0xfe, 0x0, 0x5f, 0xff, 0x90,
    0x7, 0xff, 0xf5, 0x0, 0xaf, 0xff, 0x0, 0xc,
    0xff, 0xb0, 0x0, 0xef, 0xf7, 0x0, 0xf, 0xff,
    0x20, 0x2, 0xff, 0xe0, 0x0,

    /* U+003C "<" */
    0x0, 0x0, 0x0, 0x0, 0x0, 0x0, 0x0, 0x33,
    0x0, 0x0, 0x0, 0x0, 0x0, 0x0, 0x4c, 0xf5,
    0x0, 0x0, 0x0, 0x0, 0x0, 0x6d, 0xff, 0xf5,
    0x0, 0x0, 0x0, 0x1, 0x7e, 0xff, 0xff, 0xf5,
    0x0, 0x0, 0x1, 0x8f, 0xff, 0xff, 0xff, 0xf4,
    0x0, 0x2, 0xaf, 0xff, 0xff, 0xff, 0xe8, 0x10,
    0x4, 0xbf, 0xff, 0xff, 0xff, 0xc5, 0x0, 0x0,
    0x8f, 0xff, 0xff, 0xff, 0x92, 0x0, 0x0, 0x0,
    0x9f, 0xff, 0xfd, 0x60, 0x0, 0x0, 0x0, 0x0,
    0x9f, 0xff, 0xfb, 0x40, 0x0, 0x0, 0x0, 0x0,
    0x8f, 0xff, 0xff, 0xfd, 0x71, 0x0, 0x0, 0x0,
    0x6, 0xdf, 0xff, 0xff, 0xff, 0x93, 0x0, 0x0,
    0x0, 0x5, 0xcf, 0xff, 0xff, 0xff, 0xc5, 0x0,
    0x0, 0x0, 0x3, 0xaf, 0xff, 0xff, 0xff, 0xe3,
    0x0, 0x0, 0x0, 0x2, 0x9f, 0xff, 0xff, 0xf5,
    0x0, 0x0, 0x0, 0x0, 0x1, 0x8e, 0xff, 0xf5,
    0x0, 0x0, 0x0, 0x0, 0x0, 0x0, 0x6d, 0xf5,
    0x0, 0x0, 0x0, 0x0, 0x0, 0x0, 0x0, 0x53,

    /* U+003D "=" */
    0x1f, 0xff, 0xff, 0xff, 0xff, 0xff, 0xff, 0xf7,
    0x1f, 0xff, 0xff, 0xff, 0xff, 0xff, 0xff, 0xf7,
    0x1f, 0xff, 0xff, 0xff, 0xff, 0xff, 0xff, 0xf7,
    0x1c, 0xcc, 0xcc, 0xcc, 0xcc, 0xcc, 0xcc, 0xc5,
    0x0, 0x0, 0x0, 0x0, 0x0, 0x0, 0x0, 0x0,
    0x0, 0x0, 0x0, 0x0, 0x0, 0x0, 0x0, 0x0,
    0x0, 0x0, 0x0, 0x0, 0x0, 0x0, 0x0, 0x0,
    0x1c, 0xcc, 0xcc, 0xcc, 0xcc, 0xcc, 0xcc, 0xc6,
    0x1f, 0xff, 0xff, 0xff, 0xff, 0xff, 0xff, 0xf7,
    0x1f, 0xff, 0xff, 0xff, 0xff, 0xff, 0xff, 0xf7,
    0x1f, 0xff, 0xff, 0xff, 0xff, 0xff, 0xff, 0xf7,

    /* U+003E ">" */
    0x60, 0x0, 0x0, 0x0, 0x0, 0x0, 0x0, 0xf,
    0xe7, 0x0, 0x0, 0x0, 0x0, 0x0, 0x0, 0xff,
    0xff, 0x81, 0x0, 0x0, 0x0, 0x0, 0xf, 0xff,
    0xff, 0xfa, 0x20, 0x0, 0x0, 0x0, 0xef, 0xff,
    0xff, 0xff, 0xb4, 0x0, 0x0, 0x0, 0x5c, 0xff,
    0xff, 0xff, 0xfc, 0x50, 0x0, 0x0, 0x3, 0x9f,
    0xff, 0xff, 0xff, 0xe6, 0x0, 0x0, 0x0, 0x17,
    0xdf, 0xff, 0xff, 0xfe, 0x0, 0x0, 0x0, 0x0,
    0x4b, 0xff, 0xff, 0xf0, 0x0, 0x0, 0x0, 0x2,
    0x8f, 0xff, 0xff, 0x0, 0x0, 0x0, 0x4b, 0xff,
    0xff, 0xff, 0xe0, 0x0, 0x17, 0xdf, 0xff, 0xff,
    0xff, 0x92, 0x3, 0xaf, 0xff, 0xff, 0xff, 0xe7,
    0x10, 0xc, 0xff, 0xff, 0xff, 0xfd, 0x60, 0x0,
    0x0, 0xff, 0xff, 0xff, 0xc4, 0x0, 0x0, 0x0,
    0xf, 0xff, 0xfa, 0x30, 0x0, 0x0, 0x0, 0x0,
    0xff, 0x92, 0x0, 0x0, 0x0, 0x0, 0x0, 0x7,
    0x10, 0x0, 0x0, 0x0, 0x0, 0x0, 0x0,

    /* U+003F "?" */
    0x0, 0x3, 0x8d, 0xef, 0xeb, 0x60, 0x0, 0x0,
    0x9, 0xff, 0xff, 0xff, 0xff, 0xe5, 0x0, 0x9,
    0xff, 0xff, 0xff, 0xff, 0xff, 0xf4, 0x3, 0xff,
    0xff, 0xfc, 0xbe, 0xff, 0xff, 0xd0, 0x9f, 0xff,
    0xf3, 0x0, 0xb, 0xff, 0xff, 0x3b, 0xff, 0xf8,
    0x0, 0x0, 0x3f, 0xff, 0xf5, 0x33, 0x33, 0x10,
    0x0, 0x3, 0xff, 0xff, 0x40, 0x0, 0x0, 0x0,
    0x0, 0xaf, 0xff, 0xf1, 0x0, 0x0, 0x0, 0x0,
    0xaf, 0xff, 0xf9, 0x0, 0x0, 0x0, 0x3, 0xdf,
    0xff, 0xfc, 0x0, 0x0, 0x0, 0x3, 0xff, 0xff,
    0xf8, 0x0, 0x0, 0x0, 0x0, 0xcf, 0xff, 0xe4,
    0x0, 0x0, 0x0, 0x0, 0x1f, 0xff, 0xf3, 0x0,
    0x0, 0x0, 0x0, 0x3, 0xff, 0xfc, 0x0, 0x0,
    0x0, 0x0, 0x0, 0x4f, 0xff, 0xa0, 0x0, 0x0,
    0x0, 0x0, 0x0, 0x0, 0x0, 0x0, 0x0, 0x0,
    0x0, 0x0, 0x0, 0x0, 0x0, 0x0, 0x0, 0x0,
    0x0, 0x2, 0xcf, 0xe5, 0x0, 0x0, 0x0, 0x0,
    0x0, 0xbf, 0xff, 0xf1, 0x0, 0x0, 0x0, 0x0,
    0xe, 0xff, 0xff, 0x30, 0x0, 0x0, 0x0, 0x0,
    0xaf, 0xff, 0xf1, 0x0, 0x0, 0x0, 0x0, 0x1,
    0xbf, 0xd4, 0x0, 0x0, 0x0,

    /* U+0040 "@" */
    0x0, 0x0, 0x0, 0x0, 0x5, 0x9c, 0xef, 0xfe,
    0xdb, 0x73, 0x0, 0x0, 0x0, 0x0, 0x0, 0x0,
    0x0, 0x1, 0x9f, 0xff, 0xff, 0xff, 0xff, 0xff,
    0xfd, 0x50, 0x0, 0x0, 0x0, 0x0, 0x0, 0x5,
    0xef, 0xff, 0xff, 0xff, 0xff, 0xff, 0xff, 0xff,
    0xc1, 0x0, 0x0, 0x0, 0x0, 0x8, 0xff, 0xff,
    0xff, 0xc9, 0x87, 0x78, 0xbf, 0xff, 0xff, 0xe3,
    0x0, 0x0, 0x0, 0x7, 0xff, 0xff, 0xe7, 0x0,
    0x0, 0x0, 0x0, 0x5, 0xdf, 0xff, 0xe2, 0x0,
    0x0, 0x3, 0xff, 0xff, 0xa0, 0x0, 0x0, 0x0,
    0x0, 0x0, 0x0, 0xaf, 0xff, 0xd0, 0x0, 0x0,
    0xdf, 0xff, 0x90, 0x0, 0x29, 0xef, 0xea, 0x32,
    0xaa, 0x70, 0xaf, 0xff, 0x70, 0x0, 0x5f, 0xff,
    0xc0, 0x0, 0x3f, 0xff, 0xff, 0xff, 0x9f, 0xfc,
    0x0, 0xef, 0xfe, 0x0, 0xb, 0xff, 0xf4, 0x0,
    0x2f, 0xff, 0xff, 0xff, 0xff, 0xff, 0xc0, 0x6,
    0xff, 0xf5, 0x0, 0xff, 0xfd, 0x0, 0xb, 0xff,
    0xfc, 0x77, 0xbf, 0xff, 0xfc, 0x0, 0xf, 0xff,
    0xa0, 0x4f, 0xff, 0x80, 0x2, 0xff, 0xf9, 0x0,
    0x0, 0x6f, 0xff, 0xc0, 0x0, 0xcf, 0xfe, 0x6,
    0xff, 0xf4, 0x0, 0x7f, 0xff, 0x10, 0x0, 0x0,
    0xdf, 0xfc, 0x0, 0x9, 0xff, 0xf0, 0x8f, 0xff,
    0x30, 0x9, 0xff, 0xb0, 0x0, 0x0, 0x9, 0xff,
    0xc0, 0x0, 0x7f, 0xff, 0x19, 0xff, 0xf1, 0x0,
    0xbf, 0xf9, 0x0, 0x0, 0x0, 0x7f, 0xfc, 0x0,
    0x7, 0xff, 0xf1, 0x9f, 0xff, 0x10, 0xb, 0xff,
    0x90, 0x0, 0x0, 0x7, 0xff, 0xc0, 0x0, 0x7f,
    0xff, 0x9, 0xff, 0xf2, 0x0, 0x9f, 0xfa, 0x0,
    0x0, 0x0, 0x9f, 0xfc, 0x0, 0x8, 0xff, 0xe0,
    0x7f, 0xff, 0x40, 0x7, 0xff, 0xe0, 0x0, 0x0,
    0xc, 0xff, 0xc0, 0x0, 0xbf, 0xfb, 0x5, 0xff,
    0xf8, 0x0, 0x3f, 0xff, 0x50, 0x0, 0x3, 0xff,
    0xfc, 0x0, 0xe, 0xff, 0x70, 0x1f, 0xff, 0xc0,
    0x0, 0xdf, 0xfe, 0x40, 0x4, 0xef, 0xff, 0xf2,
    0x9, 0xff, 0xf1, 0x0, 0xdf, 0xff, 0x30, 0x4,
    0xff, 0xff, 0xff, 0xff, 0xee, 0xff, 0xff, 0xff,
    0xf9, 0x0, 0x7, 0xff, 0xfc, 0x0, 0x6, 0xff,
    0xff, 0xff, 0xf5, 0x7f, 0xff, 0xff, 0xfc, 0x0,
    0x0, 0x1f, 0xff, 0xf9, 0x0, 0x2, 0xad, 0xfe,
    0xa3, 0x0, 0x5c, 0xff, 0xd7, 0x0, 0x0, 0x0,
    0x6f, 0xff, 0xfa, 0x0, 0x0, 0x0, 0x0, 0x0,
    0x0, 0x0, 0x0, 0x0, 0x0, 0x0, 0x0, 0xaf,
    0xff, 0xfe, 0x71, 0x0, 0x0, 0x0, 0x0, 0x2,
    0x0, 0x0, 0x0, 0x0, 0x0, 0x0, 0xbf, 0xff,
    0xff, 0xfd, 0xa8, 0x77, 0x8a, 0xcf, 0xf1, 0x0,
    0x0, 0x0, 0x0, 0x0, 0x0, 0x8f, 0xff, 0xff,
    0xff, 0xff, 0xff, 0xff, 0xff, 0x70, 0x0, 0x0,
    0x0, 0x0, 0x0, 0x0, 0x2a, 0xff, 0xff, 0xff,
    0xff, 0xff, 0xff, 0xf8, 0x0, 0x0, 0x0, 0x0,
    0x0, 0x0, 0x0, 0x1, 0x59, 0xce, 0xff, 0xfe,
    0xc9, 0x51, 0x0, 0x0, 0x0, 0x0,

    /* U+0041 "A" */
    0x0, 0x0, 0x0, 0x0, 0xff, 0xff, 0xff, 0x30,
    0x0, 0x0, 0x0, 0x0, 0x0, 0x0, 0x5, 0xff,
    0xff, 0xff, 0x80, 0x0, 0x0, 0x0, 0x0, 0x0,
    0x0, 0xa, 0xff, 0xff, 0xff, 0xe0, 0x0, 0x0,
    0x0, 0x0, 0x0, 0x0, 0xf, 0xff, 0xff, 0xff,
    0xf3, 0x0, 0x0, 0x0, 0x0, 0x0, 0x0, 0x5f,
    0xff, 0xdb, 0xff, 0xf9, 0x0, 0x0, 0x0, 0x0,
    0x0, 0x0, 0xbf, 0xff, 0x97, 0xff, 0xfe, 0x0,
    0x0, 0x0, 0x0, 0x0, 0x0, 0xff, 0xff, 0x52,
    0xff, 0xff, 0x40, 0x0, 0x0, 0x0, 0x0, 0x5,
    0xff, 0xff, 0x10, 0xef, 0xff, 0xa0, 0x0, 0x0,
    0x0, 0x0, 0xb, 0xff, 0xfd, 0x0, 0xaf, 0xff,
    0xf0, 0x0, 0x0, 0x0, 0x0, 0x1f, 0xff, 0xf9,
    0x0, 0x5f, 0xff, 0xf5, 0x0, 0x0, 0x0, 0x0,
    0x6f, 0xff, 0xf4, 0x0, 0x1f, 0xff, 0xfa, 0x0,
    0x0, 0x0, 0x0, 0xbf, 0xff, 0xf0, 0x0, 0xc,
    0xff, 0xff, 0x0, 0x0, 0x0, 0x1, 0xff, 0xff,
    0xa0, 0x0, 0x6, 0xff, 0xff, 0x60, 0x0, 0x0,
    0x6, 0xff, 0xff, 0xc9, 0x99, 0x9a, 0xff, 0xff,
    0xb0, 0x0, 0x0, 0xb, 0xff, 0xff, 0xff, 0xff,
    0xff, 0xff, 0xff, 0xf1, 0x0, 0x0, 0x1f, 0xff,
    0xff, 0xff, 0xff, 0xff, 0xff, 0xff, 0xf6, 0x0,
    0x0, 0x6f, 0xff, 0xff, 0xff, 0xff, 0xff, 0xff,
    0xff, 0xfc, 0x0, 0x0, 0xcf, 0xff, 0xf1, 0x0,
    0x0, 0x0, 0xc, 0xff, 0xff, 0x10, 0x1, 0xff,
    0xff, 0xc0, 0x0, 0x0, 0x0, 0x7, 0xff, 0xff,
    0x70, 0x6, 0xff, 0xff, 0x70, 0x0, 0x0, 0x0,
    0x2, 0xff, 0xff, 0xd0, 0xc, 0xff, 0xff, 0x20,
    0x0, 0x0, 0x0, 0x0, 0xcf, 0xff, 0xf2, 0x1f,
    0xff, 0xfd, 0x0, 0x0, 0x0, 0x0, 0x0, 0x7f,
    0xff, 0xf8,

    /* U+0042 "B" */
    0xf, 0xff, 0xff, 0xff, 0xff, 0xfd, 0xa5, 0x0,
    0x0, 0xf, 0xff, 0xff, 0xff, 0xff, 0xff, 0xff,
    0xc1, 0x0, 0xf, 0xff, 0xff, 0xff, 0xff, 0xff,
    0xff, 0xfd, 0x0, 0xf, 0xff, 0xfd, 0xbb, 0xbc,
    0xff, 0xff, 0xff, 0x60, 0xf, 0xff, 0xf7, 0x0,
    0x0, 0x9, 0xff, 0xff, 0xb0, 0xf, 0xff, 0xf7,
    0x0, 0x0, 0x0, 0xdf, 0xff, 0xd0, 0xf, 0xff,
    0xf7, 0x0, 0x0, 0x0, 0xcf, 0xff, 0xb0, 0xf,
    0xff, 0xf7, 0x0, 0x0, 0x1, 0xff, 0xff, 0x70,
    0xf, 0xff, 0xf7, 0x0, 0x1, 0x4d, 0xff, 0xfc,
    0x0, 0xf, 0xff, 0xff, 0xff, 0xff, 0xff, 0xfe,
    0x80, 0x0, 0xf, 0xff, 0xff, 0xff, 0xff, 0xff,
    0xf8, 0x30, 0x0, 0xf, 0xff, 0xff, 0xff, 0xff,
    0xff, 0xff, 0xfa, 0x0, 0xf, 0xff, 0xf8, 0x22,
    0x22, 0x4b, 0xff, 0xff, 0xa0, 0xf, 0xff, 0xf7,
    0x0, 0x0, 0x0, 0x9f, 0xff, 0xf3, 0xf, 0xff,
    0xf7, 0x0, 0x0, 0x0, 0x1f, 0xff, 0xf8, 0xf,
    0xff, 0xf7, 0x0, 0x0, 0x0, 0xf, 0xff, 0xfa,
    0xf, 0xff, 0xf7, 0x0, 0x0, 0x0, 0x2f, 0xff,
    0xf9, 0xf, 0xff, 0xf7, 0x0, 0x0, 0x2, 0xdf,
    0xff, 0xf7, 0xf, 0xff, 0xfd, 0xcc, 0xcc, 0xdf,
    0xff, 0xff, 0xf1, 0xf, 0xff, 0xff, 0xff, 0xff,
    0xff, 0xff, 0xff, 0x60, 0xf, 0xff, 0xff, 0xff,
    0xff, 0xff, 0xff, 0xf6, 0x0, 0xf, 0xff, 0xff,
    0xff, 0xff, 0xfe, 0xc7, 0x10, 0x0,

    /* U+0043 "C" */
    0x0, 0x0, 0x0, 0x39, 0xcf, 0xfe, 0xc8, 0x30,
    0x0, 0x0, 0x0, 0x0, 0x2c, 0xff, 0xff, 0xff,
    0xff, 0xfc, 0x20, 0x0, 0x0, 0x5, 0xff, 0xff,
    0xff, 0xff, 0xff, 0xff, 0xf4, 0x0, 0x0, 0x3f,
    0xff, 0xff, 0xff, 0xff, 0xff, 0xff, 0xff, 0x30,
    0x0, 0xef, 0xff, 0xfe, 0x73, 0x13, 0x6e, 0xff,
    0xff, 0xc0, 0x7, 0xff, 0xff, 0xd1, 0x0, 0x0,
    0x0, 0xcf, 0xff, 0xf5, 0xe, 0xff, 0xff, 0x10,
    0x0, 0x0, 0x0, 0x1f, 0xff, 0xf9, 0x3f, 0xff,
    0xf8, 0x0, 0x0, 0x0, 0x0, 0x8, 0xbb, 0xb9,
    0x6f, 0xff, 0xf3, 0x0, 0x0, 0x0, 0x0, 0x0,
    0x0, 0x0, 0x8f, 0xff, 0xf0, 0x0, 0x0, 0x0,
    0x0, 0x0, 0x0, 0x0, 0x9f, 0xff, 0xf0, 0x0,
    0x0, 0x0, 0x0, 0x0, 0x0, 0x0, 0x9f, 0xff,
    0xf0, 0x0, 0x0, 0x0, 0x0, 0x0, 0x0, 0x0,
    0x8f, 0xff, 0xf0, 0x0, 0x0, 0x0, 0x0, 0x0,
    0x0, 0x0, 0x6f, 0xff, 0xf3, 0x0, 0x0, 0x0,
    0x0, 0x0, 0x0, 0x0, 0x3f, 0xff, 0xf8, 0x0,
    0x0, 0x0, 0x0, 0x8, 0xbb, 0xb9, 0xe, 0xff,
    0xfe, 0x10, 0x0, 0x0, 0x0, 0x1f, 0xff, 0xfa,
    0x8, 0xff, 0xff, 0xc1, 0x0, 0x0, 0x0, 0xcf,
    0xff, 0xf4, 0x0, 0xef, 0xff, 0xfe, 0x72, 0x12,
    0x6d, 0xff, 0xff, 0xc0, 0x0, 0x4f, 0xff, 0xff,
    0xff, 0xff, 0xff, 0xff, 0xff, 0x20, 0x0, 0x5,
    0xff, 0xff, 0xff, 0xff, 0xff, 0xff, 0xf4, 0x0,
    0x0, 0x0, 0x2c, 0xff, 0xff, 0xff, 0xff, 0xfc,
    0x20, 0x0, 0x0, 0x0, 0x0, 0x49, 0xdf, 0xff,
    0xd9, 0x40, 0x0, 0x0,

    /* U+0044 "D" */
    0xf, 0xff, 0xff, 0xff, 0xff, 0xeb, 0x71, 0x0,
    0x0, 0x0, 0xf, 0xff, 0xff, 0xff, 0xff, 0xff,
    0xff, 0x90, 0x0, 0x0, 0xf, 0xff, 0xff, 0xff,
    0xff, 0xff, 0xff, 0xfd, 0x20, 0x0, 0xf, 0xff,
    0xff, 0xff, 0xff, 0xff, 0xff, 0xff, 0xd1, 0x0,
    0xf, 0xff, 0xf7, 0x0, 0x0, 0x28, 0xef, 0xff,
    0xfa, 0x0, 0xf, 0xff, 0xf7, 0x0, 0x0, 0x0,
    0x2d, 0xff, 0xff, 0x20, 0xf, 0xff, 0xf7, 0x0,
    0x0, 0x0, 0x3, 0xff, 0xff, 0x90, 0xf, 0xff,
    0xf7, 0x0, 0x0, 0x0, 0x0, 0xbf, 0xff, 0xd0,
    0xf, 0xff, 0xf7, 0x0, 0x0, 0x0, 0x0, 0x6f,
    0xff, 0xf1, 0xf, 0xff, 0xf7, 0x0, 0x0, 0x0,
    0x0, 0x4f, 0xff, 0xf3, 0xf, 0xff, 0xf7, 0x0,
    0x0, 0x0, 0x0, 0x3f, 0xff, 0xf4, 0xf, 0xff,
    0xf7, 0x0, 0x0, 0x0, 0x0, 0x3f, 0xff, 0xf4,
    0xf, 0xff, 0xf7, 0x0, 0x0, 0x0, 0x0, 0x4f,
    0xff, 0xf3, 0xf, 0xff, 0xf7, 0x0, 0x0, 0x0,
    0x0, 0x7f, 0xff, 0xf1, 0xf, 0xff, 0xf7, 0x0,
    0x0, 0x0, 0x0, 0xbf, 0xff, 0xd0, 0xf, 0xff,
    0xf7, 0x0, 0x0, 0x0, 0x3, 0xff, 0xff, 0x90,
    0xf, 0xff, 0xf7, 0x0, 0x0, 0x0, 0x2d, 0xff,
    0xff, 0x20, 0xf, 0xff, 0xf7, 0x0, 0x0, 0x38,
    0xff, 0xff, 0xfa, 0x0, 0xf, 0xff, 0xff, 0xff,
    0xff, 0xff, 0xff, 0xff, 0xd1, 0x0, 0xf, 0xff,
    0xff, 0xff, 0xff, 0xff, 0xff, 0xfd, 0x20, 0x0,
    0xf, 0xff, 0xff, 0xff, 0xff, 0xff, 0xff, 0x90,
    0x0, 0x0, 0xf, 0xff, 0xff, 0xff, 0xff, 0xdb,
    0x71, 0x0, 0x0, 0x0,

    /* U+0045 "E" */
    0xf, 0xff, 0xff, 0xff, 0xff, 0xff, 0xff, 0xf9,
    0xf, 0xff, 0xff, 0xff, 0xff, 0xff, 0xff, 0xf9,
    0xf, 0xff, 0xff, 0xff, 0xff, 0xff, 0xff, 0xf9,
    0xf, 0xff, 0xfe, 0xcc, 0xcc, 0xcc, 0xcc, 0xc7,
    0xf, 0xff, 0xf7, 0x0, 0x0, 0x0, 0x0, 0x0,
    0xf, 0xff, 0xf7, 0x0, 0x0, 0x0, 0x0, 0x0,
    0xf, 0xff, 0xf7, 0x0, 0x0, 0x0, 0x0, 0x0,
    0xf, 0xff, 0xf7, 0x0, 0x0, 0x0, 0x0, 0x0,
    0xf, 0xff, 0xf7, 0x0, 0x0, 0x0, 0x0, 0x0,
    0xf, 0xff, 0xff, 0xff, 0xff, 0xff, 0xff, 0xd0,
    0xf, 0xff, 0xff, 0xff, 0xff, 0xff, 0xff, 0xd0,
    0xf, 0xff, 0xff, 0xff, 0xff, 0xff, 0xff, 0xd0,
    0xf, 0xff, 0xfd, 0xbb, 0xbb, 0xbb, 0xbb, 0x90,
    0xf, 0xff, 0xf7, 0x0, 0x0, 0x0, 0x0, 0x0,
    0xf, 0xff, 0xf7, 0x0, 0x0, 0x0, 0x0, 0x0,
    0xf, 0xff, 0xf7, 0x0, 0x0, 0x0, 0x0, 0x0,
    0xf, 0xff, 0xf7, 0x0, 0x0, 0x0, 0x0, 0x0,
    0xf, 0xff, 0xf7, 0x0, 0x0, 0x0, 0x0, 0x0,
    0xf, 0xff, 0xfe, 0xcc, 0xcc, 0xcc, 0xcc, 0xc7,
    0xf, 0xff, 0xff, 0xff, 0xff, 0xff, 0xff, 0xf9,
    0xf, 0xff, 0xff, 0xff, 0xff, 0xff, 0xff, 0xf9,
    0xf, 0xff, 0xff, 0xff, 0xff, 0xff, 0xff, 0xf9,

    /* U+0046 "F" */
    0xf, 0xff, 0xff, 0xff, 0xff, 0xff, 0xff, 0xf5,
    0xf, 0xff, 0xff, 0xff, 0xff, 0xff, 0xff, 0xf5,
    0xf, 0xff, 0xff, 0xff, 0xff, 0xff, 0xff, 0xf5,
    0xf, 0xff, 0xfe, 0xcc, 0xcc, 0xcc, 0xcc, 0xc4,
    0xf, 0xff, 0xf7, 0x0, 0x0, 0x0, 0x0, 0x0,
    0xf, 0xff, 0xf7, 0x0, 0x0, 0x0, 0x0, 0x0,
    0xf, 0xff, 0xf7, 0x0, 0x0, 0x0, 0x0, 0x0,
    0xf, 0xff, 0xf7, 0x0, 0x0, 0x0, 0x0, 0x0,
    0xf, 0xff, 0xf7, 0x0, 0x0, 0x0, 0x0, 0x0,
    0xf, 0xff, 0xf7, 0x0, 0x0, 0x0, 0x0, 0x0,
    0xf, 0xff, 0xff, 0xff, 0xff, 0xff, 0xff, 0x50,
    0xf, 0xff, 0xff, 0xff, 0xff, 0xff, 0xff, 0x50,
    0xf, 0xff, 0xff, 0xff, 0xff, 0xff, 0xff, 0x50,
    0xf, 0xff, 0xfd, 0xbb, 0xbb, 0xbb, 0xbb, 0x40,
    0xf, 0xff, 0xf7, 0x0, 0x0, 0x0, 0x0, 0x0,
    0xf, 0xff, 0xf7, 0x0, 0x0, 0x0, 0x0, 0x0,
    0xf, 0xff, 0xf7, 0x0, 0x0, 0x0, 0x0, 0x0,
    0xf, 0xff, 0xf7, 0x0, 0x0, 0x0, 0x0, 0x0,
    0xf, 0xff, 0xf7, 0x0, 0x0, 0x0, 0x0, 0x0,
    0xf, 0xff, 0xf7, 0x0, 0x0, 0x0, 0x0, 0x0,
    0xf, 0xff, 0xf7, 0x0, 0x0, 0x0, 0x0, 0x0,
    0xf, 0xff, 0xf7, 0x0, 0x0, 0x0, 0x0, 0x0,

    /* U+0047 "G" */
    0x0, 0x0, 0x0, 0x39, 0xce, 0xfe, 0xc9, 0x30,
    0x0, 0x0, 0x0, 0x0, 0x2, 0xbf, 0xff, 0xff,
    0xff, 0xff, 0xc2, 0x0, 0x0, 0x0, 0x4, 0xff,
    0xff, 0xff, 0xff, 0xff, 0xff, 0xf5, 0x0, 0x0,
    0x3, 0xff, 0xff, 0xff, 0xff, 0xff, 0xff, 0xff,
    0xf4, 0x0, 0x0, 0xdf, 0xff, 0xfe, 0x73, 0x13,
    0x6d, 0xff, 0xff, 0xd0, 0x0, 0x7f, 0xff, 0xfd,
    0x10, 0x0, 0x0, 0xb, 0xff, 0xff, 0x60, 0xe,
    0xff, 0xff, 0x10, 0x0, 0x0, 0x0, 0x1f, 0xff,
    0xfa, 0x3, 0xff, 0xff, 0x80, 0x0, 0x0, 0x0,
    0x0, 0x12, 0x22, 0x10, 0x6f, 0xff, 0xf3, 0x0,
    0x0, 0x0, 0x0, 0x0, 0x0, 0x0, 0x8, 0xff,
    0xff, 0x0, 0x0, 0x0, 0x0, 0x0, 0x0, 0x0,
    0x0, 0x9f, 0xff, 0xf0, 0x0, 0x0, 0xf, 0xff,
    0xff, 0xff, 0xff, 0x19, 0xff, 0xff, 0x0, 0x0,
    0x0, 0xff, 0xff, 0xff, 0xff, 0xf1, 0x8f, 0xff,
    0xf0, 0x0, 0x0, 0xf, 0xff, 0xff, 0xff, 0xff,
    0x6, 0xff, 0xff, 0x30, 0x0, 0x0, 0x77, 0x77,
    0xaf, 0xff, 0xf0, 0x3f, 0xff, 0xf8, 0x0, 0x0,
    0x0, 0x0, 0x6, 0xff, 0xfe, 0x0, 0xef, 0xff,
    0xf1, 0x0, 0x0, 0x0, 0x0, 0xcf, 0xff, 0xb0,
    0x8, 0xff, 0xff, 0xc1, 0x0, 0x0, 0x0, 0x7f,
    0xff, 0xf6, 0x0, 0x1e, 0xff, 0xff, 0xe7, 0x31,
    0x14, 0xbf, 0xff, 0xfe, 0x0, 0x0, 0x4f, 0xff,
    0xff, 0xff, 0xff, 0xff, 0xff, 0xff, 0x30, 0x0,
    0x0, 0x5f, 0xff, 0xff, 0xff, 0xff, 0xff, 0xff,
    0x60, 0x0, 0x0, 0x0, 0x2c, 0xff, 0xff, 0xff,
    0xff, 0xfd, 0x30, 0x0, 0x0, 0x0, 0x0, 0x3,
    0x9c, 0xef, 0xfd, 0xa5, 0x0, 0x0, 0x0,

    /* U+0048 "H" */
    0xf, 0xff, 0xf7, 0x0, 0x0, 0x0, 0x0, 0xf,
    0xff, 0xf7, 0xf, 0xff, 0xf7, 0x0, 0x0, 0x0,
    0x0, 0xf, 0xff, 0xf7, 0xf, 0xff, 0xf7, 0x0,
    0x0, 0x0, 0x0, 0xf, 0xff, 0xf7, 0xf, 0xff,
    0xf7, 0x0, 0x0, 0x0, 0x0, 0xf, 0xff, 0xf7,
    0xf, 0xff, 0xf7, 0x0, 0x0, 0x0, 0x0, 0xf,
    0xff, 0xf7, 0xf, 0xff, 0xf7, 0x0, 0x0, 0x0,
    0x0, 0xf, 0xff, 0xf7, 0xf, 0xff, 0xf7, 0x0,
    0x0, 0x0, 0x0, 0xf, 0xff, 0xf7, 0xf, 0xff,
    0xf7, 0x0, 0x0, 0x0, 0x0, 0xf, 0xff, 0xf7,
    0xf, 0xff, 0xf7, 0x0, 0x0, 0x0, 0x0, 0xf,
    0xff, 0xf7, 0xf, 0xff, 0xff, 0xff, 0xff, 0xff,
    0xff, 0xff, 0xff, 0xf7, 0xf, 0xff, 0xff, 0xff,
    0xff, 0xff, 0xff, 0xff, 0xff, 0xf7, 0xf, 0xff,
    0xff, 0xff, 0xff, 0xff, 0xff, 0xff, 0xff, 0xf7,
    0xf, 0xff, 0xfe, 0xdd, 0xdd, 0xdd, 0xdd, 0xdf,
    0xff, 0xf7, 0xf, 0xff, 0xf7, 0x0, 0x0, 0x0,
    0x0, 0xf, 0xff, 0xf7, 0xf, 0xff, 0xf7, 0x0,
    0x0, 0x0, 0x0, 0xf, 0xff, 0xf7, 0xf, 0xff,
    0xf7, 0x0, 0x0, 0x0, 0x0, 0xf, 0xff, 0xf7,
    0xf, 0xff, 0xf7, 0x0, 0x0, 0x0, 0x0, 0xf,
    0xff, 0xf7, 0xf, 0xff, 0xf7, 0x0, 0x0, 0x0,
    0x0, 0xf, 0xff, 0xf7, 0xf, 0xff, 0xf7, 0x0,
    0x0, 0x0, 0x0, 0xf, 0xff, 0xf7, 0xf, 0xff,
    0xf7, 0x0, 0x0, 0x0, 0x0, 0xf, 0xff, 0xf7,
    0xf, 0xff, 0xf7, 0x0, 0x0, 0x0, 0x0, 0xf,
    0xff, 0xf7, 0xf, 0xff, 0xf7, 0x0, 0x0, 0x0,
    0x0, 0xf, 0xff, 0xf7,

    /* U+0049 "I" */
    0xf, 0xff, 0xf7, 0xf, 0xff, 0xf7, 0xf, 0xff,
    0xf7, 0xf, 0xff, 0xf7, 0xf, 0xff, 0xf7, 0xf,
    0xff, 0xf7, 0xf, 0xff, 0xf7, 0xf, 0xff, 0xf7,
    0xf, 0xff, 0xf7, 0xf, 0xff, 0xf7, 0xf, 0xff,
    0xf7, 0xf, 0xff, 0xf7, 0xf, 0xff, 0xf7, 0xf,
    0xff, 0xf7, 0xf, 0xff, 0xf7, 0xf, 0xff, 0xf7,
    0xf, 0xff, 0xf7, 0xf, 0xff, 0xf7, 0xf, 0xff,
    0xf7, 0xf, 0xff, 0xf7, 0xf, 0xff, 0xf7, 0xf,
    0xff, 0xf7,

    /* U+004A "J" */
    0x0, 0x0, 0x0, 0x0, 0x0, 0xdf, 0xff, 0x90,
    0x0, 0x0, 0x0, 0x0, 0xd, 0xff, 0xf9, 0x0,
    0x0, 0x0, 0x0, 0x0, 0xdf, 0xff, 0x90, 0x0,
    0x0, 0x0, 0x0, 0xd, 0xff, 0xf9, 0x0, 0x0,
    0x0, 0x0, 0x0, 0xdf, 0xff, 0x90, 0x0, 0x0,
    0x0, 0x0, 0xd, 0xff, 0xf9, 0x0, 0x0, 0x0,
    0x0, 0x0, 0xdf, 0xff, 0x90, 0x0, 0x0, 0x0,
    0x0, 0xd, 0xff, 0xf9, 0x0, 0x0, 0x0, 0x0,
    0x0, 0xdf, 0xff, 0x90, 0x0, 0x0, 0x0, 0x0,
    0xd, 0xff, 0xf9, 0x0, 0x0, 0x0, 0x0, 0x0,
    0xdf, 0xff, 0x90, 0x0, 0x0, 0x0, 0x0, 0xd,
    0xff, 0xf9, 0x0, 0x0, 0x0, 0x0, 0x0, 0xdf,
    0xff, 0x92, 0x22, 0x21, 0x0, 0x0, 0xd, 0xff,
    0xf9, 0xff, 0xff, 0x70, 0x0, 0x0, 0xdf, 0xff,
    0x9f, 0xff, 0xf8, 0x0, 0x0, 0xe, 0xff, 0xf8,
    0xef, 0xff, 0xb0, 0x0, 0x1, 0xff, 0xff, 0x7a,
    0xff, 0xff, 0x50, 0x0, 0xaf, 0xff, 0xf3, 0x4f,
    0xff, 0xff, 0xdb, 0xef, 0xff, 0xfd, 0x0, 0xaf,
    0xff, 0xff, 0xff, 0xff, 0xff, 0x40, 0x0, 0x9f,
    0xff, 0xff, 0xff, 0xfe, 0x50, 0x0, 0x0, 0x39,
    0xdf, 0xfe, 0xc7, 0x10, 0x0,

    /* U+004B "K" */
    0xf, 0xff, 0xf7, 0x0, 0x0, 0x0, 0x4, 0xff,
    0xff, 0xf3, 0xf, 0xff, 0xf7, 0x0, 0x0, 0x0,
    0x3f, 0xff, 0xff, 0x50, 0xf, 0xff, 0xf7, 0x0,
    0x0, 0x1, 0xef, 0xff, 0xf7, 0x0, 0xf, 0xff,
    0xf7, 0x0, 0x0, 0xc, 0xff, 0xff, 0x90, 0x0,
    0xf, 0xff, 0xf7, 0x0, 0x0, 0xaf, 0xff, 0xfb,
    0x0, 0x0, 0xf, 0xff, 0xf7, 0x0, 0x8, 0xff,
    0xff, 0xd0, 0x0, 0x0, 0xf, 0xff, 0xf7, 0x0,
    0x5f, 0xff, 0xfe, 0x10, 0x0, 0x0, 0xf, 0xff,
    0xf6, 0x2, 0xff, 0xff, 0xf3, 0x0, 0x0, 0x0,
    0xf, 0xff, 0xf6, 0xd, 0xff, 0xff, 0x50, 0x0,
    0x0, 0x0, 0xf, 0xff, 0xf6, 0x9f, 0xff, 0xfa,
    0x0, 0x0, 0x0, 0x0, 0xf, 0xff, 0xfa, 0xff,
    0xff, 0xff, 0x20, 0x0, 0x0, 0x0, 0xf, 0xff,
    0xff, 0xff, 0xff, 0xff, 0xc0, 0x0, 0x0, 0x0,
    0xf, 0xff, 0xff, 0xff, 0xcf, 0xff, 0xf6, 0x0,
    0x0, 0x0, 0xf, 0xff, 0xff, 0xf6, 0x1e, 0xff,
    0xff, 0x20, 0x0, 0x0, 0xf, 0xff, 0xff, 0x80,
    0x5, 0xff, 0xff, 0xc0, 0x0, 0x0, 0xf, 0xff,
    0xfa, 0x0, 0x0, 0xbf, 0xff, 0xf7, 0x0, 0x0,
    0xf, 0xff, 0xf7, 0x0, 0x0, 0x1f, 0xff, 0xff,
    0x20, 0x0, 0xf, 0xff, 0xf7, 0x0, 0x0, 0x6,
    0xff, 0xff, 0xc0, 0x0, 0xf, 0xff, 0xf7, 0x0,
    0x0, 0x0, 0xbf, 0xff, 0xf7, 0x0, 0xf, 0xff,
    0xf7, 0x0, 0x0, 0x0, 0x2f, 0xff, 0xff, 0x20,
    0xf, 0xff, 0xf7, 0x0, 0x0, 0x0, 0x6, 0xff,
    0xff, 0xc0, 0xf, 0xff, 0xf7, 0x0, 0x0, 0x0,
    0x0, 0xcf, 0xff, 0xf7,

    /* U+004C "L" */
    0xf, 0xff, 0xf7, 0x0, 0x0, 0x0, 0x0, 0x0,
    0xff, 0xff, 0x70, 0x0, 0x0, 0x0, 0x0, 0xf,
    0xff, 0xf7, 0x0, 0x0, 0x0, 0x0, 0x0, 0xff,
    0xff, 0x70, 0x0, 0x0, 0x0, 0x0, 0xf, 0xff,
    0xf7, 0x0, 0x0, 0x0, 0x0, 0x0, 0xff, 0xff,
    0x70, 0x0, 0x0, 0x0, 0x0, 0xf, 0xff, 0xf7,
    0x0, 0x0, 0x0, 0x0, 0x0, 0xff, 0xff, 0x70,
    0x0, 0x0, 0x0, 0x0, 0xf, 0xff, 0xf7, 0x0,
    0x0, 0x0, 0x0, 0x0, 0xff, 0xff, 0x70, 0x0,
    0x0, 0x0, 0x0, 0xf, 0xff, 0xf7, 0x0, 0x0,
    0x0, 0x0, 0x0, 0xff, 0xff, 0x70, 0x0, 0x0,
    0x0, 0x0, 0xf, 0xff, 0xf7, 0x0, 0x0, 0x0,
    0x0, 0x0, 0xff, 0xff, 0x70, 0x0, 0x0, 0x0,
    0x0, 0xf, 0xff, 0xf7, 0x0, 0x0, 0x0, 0x0,
    0x0, 0xff, 0xff, 0x70, 0x0, 0x0, 0x0, 0x0,
    0xf, 0xff, 0xf7, 0x0, 0x0, 0x0, 0x0, 0x0,
    0xff, 0xff, 0x70, 0x0, 0x0, 0x0, 0x0, 0xf,
    0xff, 0xfe, 0xcc, 0xcc, 0xcc, 0xcc, 0xa0, 0xff,
    0xff, 0xff, 0xff, 0xff, 0xff, 0xfd, 0xf, 0xff,
    0xff, 0xff, 0xff, 0xff, 0xff, 0xd0, 0xff, 0xff,
    0xff, 0xff, 0xff, 0xff, 0xfd,

    /* U+004D "M" */
    0xf, 0xff, 0xff, 0xff, 0x0, 0x0, 0x0, 0x0,
    0x1, 0xff, 0xff, 0xff, 0xf0, 0xff, 0xff, 0xff,
    0xf5, 0x0, 0x0, 0x0, 0x0, 0x6f, 0xff, 0xff,
    0xff, 0xf, 0xff, 0xff, 0xff, 0xb0, 0x0, 0x0,
    0x0, 0xc, 0xff, 0xff, 0xff, 0xf0, 0xff, 0xff,
    0xff, 0xff, 0x10, 0x0, 0x0, 0x1, 0xff, 0xff,
    0xff, 0xff, 0xf, 0xff, 0xfe, 0xff, 0xf6, 0x0,
    0x0, 0x0, 0x7f, 0xff, 0xdf, 0xff, 0xf0, 0xff,
    0xff, 0xaf, 0xff, 0xc0, 0x0, 0x0, 0xc, 0xff,
    0xf9, 0xff, 0xff, 0xf, 0xff, 0xf6, 0xff, 0xff,
    0x10, 0x0, 0x2, 0xff, 0xff, 0x6f, 0xff, 0xf0,
    0xff, 0xff, 0x5c, 0xff, 0xf7, 0x0, 0x0, 0x7f,
    0xff, 0xb6, 0xff, 0xff, 0xf, 0xff, 0xf5, 0x8f,
    0xff, 0xd0, 0x0, 0xd, 0xff, 0xf6, 0x7f, 0xff,
    0xf0, 0xff, 0xff, 0x63, 0xff, 0xff, 0x20, 0x2,
    0xff, 0xff, 0x27, 0xff, 0xff, 0xf, 0xff, 0xf6,
    0xe, 0xff, 0xf7, 0x0, 0x8f, 0xff, 0xd0, 0x8f,
    0xff, 0xf0, 0xff, 0xff, 0x60, 0x9f, 0xff, 0xc0,
    0xc, 0xff, 0xf8, 0x8, 0xff, 0xff, 0xf, 0xff,
    0xf6, 0x4, 0xff, 0xff, 0x0, 0xff, 0xff, 0x20,
    0x8f, 0xff, 0xf0, 0xff, 0xff, 0x60, 0xe, 0xff,
    0xf4, 0x4f, 0xff, 0xd0, 0x8, 0xff, 0xff, 0xf,
    0xff, 0xf6, 0x0, 0x9f, 0xff, 0x77, 0xff, 0xf7,
    0x0, 0x8f, 0xff, 0xf0, 0xff, 0xff, 0x60, 0x3,
    0xff, 0xfb, 0xbf, 0xff, 0x20, 0x8, 0xff, 0xff,
    0xf, 0xff, 0xf6, 0x0, 0xd, 0xff, 0xee, 0xff,
    0xc0, 0x0, 0x8f, 0xff, 0xf0, 0xff, 0xff, 0x60,
    0x0, 0x8f, 0xff, 0xff, 0xf6, 0x0, 0x8, 0xff,
    0xff, 0xf, 0xff, 0xf6, 0x0, 0x2, 0xff, 0xff,
    0xff, 0x10, 0x0, 0x8f, 0xff, 0xf0, 0xff, 0xff,
    0x60, 0x0, 0xc, 0xff, 0xff, 0xb0, 0x0, 0x8,
    0xff, 0xff, 0xf, 0xff, 0xf6, 0x0, 0x0, 0x7f,
    0xff, 0xf6, 0x0, 0x0, 0x8f, 0xff, 0xf0, 0xff,
    0xff, 0x60, 0x0, 0x1, 0xff, 0xff, 0x0, 0x0,
    0x8, 0xff, 0xff,

    /* U+004E "N" */
    0xf, 0xff, 0xff, 0x40, 0x0, 0x0, 0x0, 0xb,
    0xff, 0xfe, 0xf, 0xff, 0xff, 0xd0, 0x0, 0x0,
    0x0, 0xb, 0xff, 0xfe, 0xf, 0xff, 0xff, 0xf8,
    0x0, 0x0, 0x0, 0xb, 0xff, 0xfe, 0xf, 0xff,
    0xff, 0xff, 0x20, 0x0, 0x0, 0xb, 0xff, 0xfe,
    0xf, 0xff, 0xff, 0xff, 0xb0, 0x0, 0x0, 0xb,
    0xff, 0xfe, 0xf, 0xff, 0xff, 0xff, 0xf5, 0x0,
    0x0, 0xb, 0xff, 0xfe, 0xf, 0xff, 0xf9, 0xff,
    0xfe, 0x10, 0x0, 0xb, 0xff, 0xfe, 0xf, 0xff,
    0xf5, 0xcf, 0xff, 0x90, 0x0, 0xb, 0xff, 0xfe,
    0xf, 0xff, 0xf6, 0x4f, 0xff, 0xf3, 0x0, 0xb,
    0xff, 0xfe, 0xf, 0xff, 0xf7, 0xb, 0xff, 0xfd,
    0x0, 0xb, 0xff, 0xfe, 0xf, 0xff, 0xf8, 0x3,
    0xff, 0xff, 0x70, 0xa, 0xff, 0xfe, 0xf, 0xff,
    0xf8, 0x0, 0x9f, 0xff, 0xf1, 0xa, 0xff, 0xfe,
    0xf, 0xff, 0xf8, 0x0, 0x1e, 0xff, 0xf9, 0xa,
    0xff, 0xfe, 0xf, 0xff, 0xf8, 0x0, 0x6, 0xff,
    0xff, 0x29, 0xff, 0xfe, 0xf, 0xff, 0xf8, 0x0,
    0x0, 0xcf, 0xff, 0xa8, 0xff, 0xfe, 0xf, 0xff,
    0xf8, 0x0, 0x0, 0x2f, 0xff, 0xf9, 0xff, 0xfe,
    0xf, 0xff, 0xf8, 0x0, 0x0, 0x8, 0xff, 0xff,
    0xff, 0xfe, 0xf, 0xff, 0xf8, 0x0, 0x0, 0x0,
    0xdf, 0xff, 0xff, 0xfe, 0xf, 0xff, 0xf8, 0x0,
    0x0, 0x0, 0x4f, 0xff, 0xff, 0xfe, 0xf, 0xff,
    0xf8, 0x0, 0x0, 0x0, 0xa, 0xff, 0xff, 0xfe,
    0xf, 0xff, 0xf8, 0x0, 0x0, 0x0, 0x1, 0xff,
    0xff, 0xfe, 0xf, 0xff, 0xf8, 0x0, 0x0, 0x0,
    0x0, 0x6f, 0xff, 0xfe,

    /* U+004F "O" */
    0x0, 0x0, 0x0, 0x39, 0xce, 0xff, 0xd9, 0x40,
    0x0, 0x0, 0x0, 0x0, 0x2, 0xcf, 0xff, 0xff,
    0xff, 0xff, 0xc3, 0x0, 0x0, 0x0, 0x4, 0xff,
    0xff, 0xff, 0xff, 0xff, 0xff, 0xf6, 0x0, 0x0,
    0x3, 0xff, 0xff, 0xff, 0xff, 0xff, 0xff, 0xff,
    0xf5, 0x0, 0x0, 0xef, 0xff, 0xfe, 0x73, 0x12,
    0x6d, 0xff, 0xff, 0xf1, 0x0, 0x7f, 0xff, 0xfc,
    0x10, 0x0, 0x0, 0xb, 0xff, 0xff, 0x90, 0xe,
    0xff, 0xfe, 0x10, 0x0, 0x0, 0x0, 0xd, 0xff,
    0xff, 0x3, 0xff, 0xff, 0x80, 0x0, 0x0, 0x0,
    0x0, 0x6f, 0xff, 0xf4, 0x6f, 0xff, 0xf3, 0x0,
    0x0, 0x0, 0x0, 0x1, 0xff, 0xff, 0x88, 0xff,
    0xff, 0x0, 0x0, 0x0, 0x0, 0x0, 0xe, 0xff,
    0xfa, 0x9f, 0xff, 0xf0, 0x0, 0x0, 0x0, 0x0,
    0x0, 0xdf, 0xff, 0xb9, 0xff, 0xff, 0x0, 0x0,
    0x0, 0x0, 0x0, 0xd, 0xff, 0xfb, 0x8f, 0xff,
    0xf0, 0x0, 0x0, 0x0, 0x0, 0x0, 0xef, 0xff,
    0xa6, 0xff, 0xff, 0x30, 0x0, 0x0, 0x0, 0x0,
    0x1f, 0xff, 0xf8, 0x3f, 0xff, 0xf8, 0x0, 0x0,
    0x0, 0x0, 0x6, 0xff, 0xff, 0x50, 0xef, 0xff,
    0xe1, 0x0, 0x0, 0x0, 0x0, 0xdf, 0xff, 0xf0,
    0x7, 0xff, 0xff, 0xc1, 0x0, 0x0, 0x0, 0xaf,
    0xff, 0xf9, 0x0, 0xe, 0xff, 0xff, 0xe7, 0x21,
    0x26, 0xdf, 0xff, 0xff, 0x10, 0x0, 0x3f, 0xff,
    0xff, 0xff, 0xff, 0xff, 0xff, 0xff, 0x50, 0x0,
    0x0, 0x4f, 0xff, 0xff, 0xff, 0xff, 0xff, 0xff,
    0x60, 0x0, 0x0, 0x0, 0x2c, 0xff, 0xff, 0xff,
    0xff, 0xfd, 0x30, 0x0, 0x0, 0x0, 0x0, 0x3,
    0x9c, 0xff, 0xfd, 0x94, 0x0, 0x0, 0x0,

    /* U+0050 "P" */
    0xf, 0xff, 0xff, 0xff, 0xff, 0xec, 0x72, 0x0,
    0x0, 0xf, 0xff, 0xff, 0xff, 0xff, 0xff, 0xff,
    0x70, 0x0, 0xf, 0xff, 0xff, 0xff, 0xff, 0xff,
    0xff, 0xf9, 0x0, 0xf, 0xff, 0xfe, 0xcc, 0xcd,
    0xff, 0xff, 0xff, 0x40, 0xf, 0xff, 0xf7, 0x0,
    0x0, 0x1a, 0xff, 0xff, 0xb0, 0xf, 0xff, 0xf7,
    0x0, 0x0, 0x0, 0xcf, 0xff, 0xf1, 0xf, 0xff,
    0xf7, 0x0, 0x0, 0x0, 0x7f, 0xff, 0xf3, 0xf,
    0xff, 0xf7, 0x0, 0x0, 0x0, 0x5f, 0xff, 0xf4,
    0xf, 0xff, 0xf7, 0x0, 0x0, 0x0, 0x8f, 0xff,
    0xf2, 0xf, 0xff, 0xf7, 0x0, 0x0, 0x1, 0xef,
    0xff, 0xf0, 0xf, 0xff, 0xf7, 0x0, 0x1, 0x4d,
    0xff, 0xff, 0xa0, 0xf, 0xff, 0xff, 0xff, 0xff,
    0xff, 0xff, 0xff, 0x20, 0xf, 0xff, 0xff, 0xff,
    0xff, 0xff, 0xff, 0xf5, 0x0, 0xf, 0xff, 0xff,
    0xff, 0xff, 0xff, 0xfd, 0x30, 0x0, 0xf, 0xff,
    0xfd, 0xbb, 0xba, 0x97, 0x30, 0x0, 0x0, 0xf,
    0xff, 0xf7, 0x0, 0x0, 0x0, 0x0, 0x0, 0x0,
    0xf, 0xff, 0xf7, 0x0, 0x0, 0x0, 0x0, 0x0,
    0x0, 0xf, 0xff, 0xf7, 0x0, 0x0, 0x0, 0x0,
    0x0, 0x0, 0xf, 0xff, 0xf7, 0x0, 0x0, 0x0,
    0x0, 0x0, 0x0, 0xf, 0xff, 0xf7, 0x0, 0x0,
    0x0, 0x0, 0x0, 0x0, 0xf, 0xff, 0xf7, 0x0,
    0x0, 0x0, 0x0, 0x0, 0x0, 0xf, 0xff, 0xf7,
    0x0, 0x0, 0x0, 0x0, 0x0, 0x0,

    /* U+0051 "Q" */
    0x0, 0x0, 0x0, 0x39, 0xce, 0xff, 0xd9, 0x40,
    0x0, 0x0, 0x0, 0x0, 0x2, 0xcf, 0xff, 0xff,
    0xff, 0xff, 0xd3, 0x0, 0x0, 0x0, 0x4, 0xff,
    0xff, 0xff, 0xff, 0xff, 0xff, 0xf6, 0x0, 0x0,
    0x3, 0xff, 0xff, 0xff, 0xff, 0xff, 0xff, 0xff,
    0xf5, 0x0, 0x0, 0xef, 0xff, 0xfe, 0x73, 0x12,
    0x6d, 0xff, 0xff, 0xf1, 0x0, 0x7f, 0xff, 0xfc,
    0x10, 0x0, 0x0, 0xb, 0xff, 0xff, 0x90, 0xe,
    0xff, 0xfe, 0x10, 0x0, 0x0, 0x0, 0xd, 0xff,
    0xff, 0x3, 0xff, 0xff, 0x80, 0x0, 0x0, 0x0,
    0x0, 0x6f, 0xff, 0xf5, 0x6f, 0xff, 0xf3, 0x0,
    0x0, 0x0, 0x0, 0x1, 0xff, 0xff, 0x88, 0xff,
    0xff, 0x0, 0x0, 0x0, 0x0, 0x0, 0xe, 0xff,
    0xfa, 0x9f, 0xff, 0xf0, 0x0, 0x0, 0x0, 0x0,
    0x0, 0xdf, 0xff, 0xb9, 0xff, 0xff, 0x0, 0x0,
    0x0, 0x0, 0x0, 0xd, 0xff, 0xfb, 0x8f, 0xff,
    0xf0, 0x0, 0x0, 0x0, 0x0, 0x0, 0xef, 0xff,
    0x96, 0xff, 0xff, 0x30, 0x0, 0x0, 0x0, 0x0,
    0x1f, 0xff, 0xf7, 0x3f, 0xff, 0xf8, 0x0, 0x6,
    0xbb, 0xb3, 0x6, 0xff, 0xff, 0x30, 0xef, 0xff,
    0xe1, 0x0, 0xc, 0xff, 0xe2, 0xdf, 0xff, 0xe0,
    0x7, 0xff, 0xff, 0xc1, 0x0, 0x2e, 0xff, 0xff,
    0xff, 0xf8, 0x0, 0xe, 0xff, 0xff, 0xe7, 0x21,
    0x6f, 0xff, 0xff, 0xfe, 0x0, 0x0, 0x3f, 0xff,
    0xff, 0xff, 0xff, 0xff, 0xff, 0xff, 0x30, 0x0,
    0x0, 0x4f, 0xff, 0xff, 0xff, 0xff, 0xff, 0xff,
    0x80, 0x0, 0x0, 0x0, 0x2c, 0xff, 0xff, 0xff,
    0xff, 0xff, 0xff, 0x20, 0x0, 0x0, 0x0, 0x3,
    0x9c, 0xff, 0xec, 0x87, 0xff, 0xfd, 0x0, 0x0,
    0x0, 0x0, 0x0, 0x0, 0x0, 0x0, 0x8, 0xff,
    0xfa, 0x0, 0x0, 0x0, 0x0, 0x0, 0x0, 0x0,
    0x0, 0x7, 0x88, 0x82,

    /* U+0052 "R" */
    0xf, 0xff, 0xff, 0xff, 0xff, 0xec, 0x93, 0x0,
    0x0, 0x0, 0xff, 0xff, 0xff, 0xff, 0xff, 0xff,
    0xf9, 0x0, 0x0, 0xf, 0xff, 0xff, 0xff, 0xff,
    0xff, 0xff, 0xfb, 0x0, 0x0, 0xff, 0xff, 0xec,
    0xcc, 0xdf, 0xff, 0xff, 0xf6, 0x0, 0xf, 0xff,
    0xf7, 0x0, 0x0, 0x8, 0xff, 0xff, 0xd0, 0x0,
    0xff, 0xff, 0x70, 0x0, 0x0, 0xb, 0xff, 0xff,
    0x20, 0xf, 0xff, 0xf7, 0x0, 0x0, 0x0, 0x6f,
    0xff, 0xf3, 0x0, 0xff, 0xff, 0x70, 0x0, 0x0,
    0x6, 0xff, 0xff, 0x30, 0xf, 0xff, 0xf7, 0x0,
    0x0, 0x0, 0xaf, 0xff, 0xf1, 0x0, 0xff, 0xff,
    0x70, 0x0, 0x0, 0x7f, 0xff, 0xfe, 0x0, 0xf,
    0xff, 0xfd, 0xbb, 0xbc, 0xff, 0xff, 0xff, 0x70,
    0x0, 0xff, 0xff, 0xff, 0xff, 0xff, 0xff, 0xff,
    0xb0, 0x0, 0xf, 0xff, 0xff, 0xff, 0xff, 0xff,
    0xff, 0xa0, 0x0, 0x0, 0xff, 0xff, 0xff, 0xff,
    0xff, 0xff, 0x90, 0x0, 0x0, 0xf, 0xff, 0xf7,
    0x0, 0xc, 0xff, 0xff, 0x10, 0x0, 0x0, 0xff,
    0xff, 0x70, 0x0, 0x4f, 0xff, 0xf9, 0x0, 0x0,
    0xf, 0xff, 0xf7, 0x0, 0x0, 0xbf, 0xff, 0xf2,
    0x0, 0x0, 0xff, 0xff, 0x70, 0x0, 0x3, 0xff,
    0xff, 0xa0, 0x0, 0xf, 0xff, 0xf7, 0x0, 0x0,
    0xb, 0xff, 0xff, 0x30, 0x0, 0xff, 0xff, 0x70,
    0x0, 0x0, 0x2f, 0xff, 0xfb, 0x0, 0xf, 0xff,
    0xf7, 0x0, 0x0, 0x0, 0xaf, 0xff, 0xf4, 0x0,
    0xff, 0xff, 0x70, 0x0, 0x0, 0x2, 0xff, 0xff,
    0xc0,

    /* U+0053 "S" */
    0x0, 0x0, 0x16, 0xbd, 0xff, 0xdb, 0x61, 0x0,
    0x0, 0x0, 0x7, 0xff, 0xff, 0xff, 0xff, 0xfe,
    0x60, 0x0, 0x0, 0x9f, 0xff, 0xff, 0xff, 0xff,
    0xff, 0xf7, 0x0, 0x6, 0xff, 0xff, 0xff, 0xee,
    0xff, 0xff, 0xff, 0x30, 0xd, 0xff, 0xff, 0x81,
    0x0, 0x18, 0xff, 0xff, 0xb0, 0x1f, 0xff, 0xfa,
    0x0, 0x0, 0x0, 0x9f, 0xff, 0xf0, 0x2f, 0xff,
    0xf7, 0x0, 0x0, 0x0, 0x28, 0x88, 0x80, 0xf,
    0xff, 0xfc, 0x0, 0x0, 0x0, 0x0, 0x0, 0x0,
    0xb, 0xff, 0xff, 0xe7, 0x20, 0x0, 0x0, 0x0,
    0x0, 0x2, 0xff, 0xff, 0xff, 0xfd, 0xa5, 0x10,
    0x0, 0x0, 0x0, 0x3d, 0xff, 0xff, 0xff, 0xff,
    0xfa, 0x20, 0x0, 0x0, 0x0, 0x6c, 0xff, 0xff,
    0xff, 0xff, 0xf6, 0x0, 0x0, 0x0, 0x0, 0x15,
    0x9d, 0xff, 0xff, 0xff, 0x50, 0x0, 0x0, 0x0,
    0x0, 0x0, 0x29, 0xff, 0xff, 0xe0, 0x0, 0x0,
    0x0, 0x0, 0x0, 0x0, 0x6f, 0xff, 0xf4, 0xbf,
    0xff, 0xb0, 0x0, 0x0, 0x0, 0x2f, 0xff, 0xf5,
    0x8f, 0xff, 0xf2, 0x0, 0x0, 0x0, 0x6f, 0xff,
    0xf5, 0x4f, 0xff, 0xfe, 0x60, 0x0, 0x17, 0xff,
    0xff, 0xf1, 0xc, 0xff, 0xff, 0xff, 0xef, 0xff,
    0xff, 0xff, 0xa0, 0x2, 0xef, 0xff, 0xff, 0xff,
    0xff, 0xff, 0xfd, 0x10, 0x0, 0x1b, 0xff, 0xff,
    0xff, 0xff, 0xff, 0xb1, 0x0, 0x0, 0x0, 0x38,
    0xce, 0xff, 0xec, 0x83, 0x0, 0x0,

    /* U+0054 "T" */
    0xef, 0xff, 0xff, 0xff, 0xff, 0xff, 0xff, 0xff,
    0xfe, 0xef, 0xff, 0xff, 0xff, 0xff, 0xff, 0xff,
    0xff, 0xfe, 0xef, 0xff, 0xff, 0xff, 0xff, 0xff,
    0xff, 0xff, 0xfe, 0xbc, 0xcc, 0xcc, 0xdf, 0xff,
    0xfd, 0xcc, 0xcc, 0xcb, 0x0, 0x0, 0x0, 0x3f,
    0xff, 0xf4, 0x0, 0x0, 0x0, 0x0, 0x0, 0x0,
    0x3f, 0xff, 0xf4, 0x0, 0x0, 0x0, 0x0, 0x0,
    0x0, 0x3f, 0xff, 0xf4, 0x0, 0x0, 0x0, 0x0,
    0x0, 0x0, 0x3f, 0xff, 0xf4, 0x0, 0x0, 0x0,
    0x0, 0x0, 0x0, 0x3f, 0xff, 0xf4, 0x0, 0x0,
    0x0, 0x0, 0x0, 0x0, 0x3f, 0xff, 0xf4, 0x0,
    0x0, 0x0, 0x0, 0x0, 0x0, 0x3f, 0xff, 0xf4,
    0x0, 0x0, 0x0, 0x0, 0x0, 0x0, 0x3f, 0xff,
    0xf4, 0x0, 0x0, 0x0, 0x0, 0x0, 0x0, 0x3f,
    0xff, 0xf4, 0x0, 0x0, 0x0, 0x0, 0x0, 0x0,
    0x3f, 0xff, 0xf4, 0x0, 0x0, 0x0, 0x0, 0x0,
    0x0, 0x3f, 0xff, 0xf4, 0x0, 0x0, 0x0, 0x0,
    0x0, 0x0, 0x3f, 0xff, 0xf4, 0x0, 0x0, 0x0,
    0x0, 0x0, 0x0, 0x3f, 0xff, 0xf4, 0x0, 0x0,
    0x0, 0x0, 0x0, 0x0, 0x3f, 0xff, 0xf4, 0x0,
    0x0, 0x0, 0x0, 0x0, 0x0, 0x3f, 0xff, 0xf4,
    0x0, 0x0, 0x0, 0x0, 0x0, 0x0, 0x3f, 0xff,
    0xf4, 0x0, 0x0, 0x0, 0x0, 0x0, 0x0, 0x3f,
    0xff, 0xf4, 0x0, 0x0, 0x0, 0x0, 0x0, 0x0,
    0x3f, 0xff, 0xf4, 0x0, 0x0, 0x0,

    /* U+0055 "U" */
    0xf, 0xff, 0xf7, 0x0, 0x0, 0x0, 0x0, 0x7f,
    0xff, 0xf0, 0xff, 0xff, 0x70, 0x0, 0x0, 0x0,
    0x7, 0xff, 0xff, 0xf, 0xff, 0xf7, 0x0, 0x0,
    0x0, 0x0, 0x7f, 0xff, 0xf0, 0xff, 0xff, 0x70,
    0x0, 0x0, 0x0, 0x7, 0xff, 0xff, 0xf, 0xff,
    0xf7, 0x0, 0x0, 0x0, 0x0, 0x7f, 0xff, 0xf0,
    0xff, 0xff, 0x70, 0x0, 0x0, 0x0, 0x7, 0xff,
    0xff, 0xf, 0xff, 0xf7, 0x0, 0x0, 0x0, 0x0,
    0x7f, 0xff, 0xf0, 0xff, 0xff, 0x70, 0x0, 0x0,
    0x0, 0x7, 0xff, 0xff, 0xf, 0xff, 0xf7, 0x0,
    0x0, 0x0, 0x0, 0x7f, 0xff, 0xf0, 0xff, 0xff,
    0x70, 0x0, 0x0, 0x0, 0x7, 0xff, 0xff, 0xf,
    0xff, 0xf7, 0x0, 0x0, 0x0, 0x0, 0x7f, 0xff,
    0xf0, 0xff, 0xff, 0x70, 0x0, 0x0, 0x0, 0x7,
    0xff, 0xff, 0xf, 0xff, 0xf7, 0x0, 0x0, 0x0,
    0x0, 0x7f, 0xff, 0xf0, 0xff, 0xff, 0x70, 0x0,
    0x0, 0x0, 0x7, 0xff, 0xff, 0xf, 0xff, 0xf8,
    0x0, 0x0, 0x0, 0x0, 0x9f, 0xff, 0xf0, 0xef,
    0xff, 0xd0, 0x0, 0x0, 0x0, 0xe, 0xff, 0xfd,
    0xa, 0xff, 0xff, 0x80, 0x0, 0x0, 0x8, 0xff,
    0xff, 0xa0, 0x4f, 0xff, 0xff, 0xa4, 0x11, 0x4b,
    0xff, 0xff, 0xf3, 0x0, 0xaf, 0xff, 0xff, 0xff,
    0xff, 0xff, 0xff, 0xf9, 0x0, 0x0, 0xcf, 0xff,
    0xff, 0xff, 0xff, 0xff, 0xfb, 0x0, 0x0, 0x0,
    0x8f, 0xff, 0xff, 0xff, 0xff, 0xf7, 0x0, 0x0,
    0x0, 0x0, 0x17, 0xbd, 0xff, 0xdb, 0x61, 0x0,
    0x0,

    /* U+0056 "V" */
    0x1f, 0xff, 0xfd, 0x0, 0x0, 0x0, 0x0, 0x0,
    0x6f, 0xff, 0xf8, 0xc, 0xff, 0xff, 0x20, 0x0,
    0x0, 0x0, 0x0, 0xbf, 0xff, 0xf2, 0x6, 0xff,
    0xff, 0x80, 0x0, 0x0, 0x0, 0x1, 0xff, 0xff,
    0xd0, 0x1, 0xff, 0xff, 0xd0, 0x0, 0x0, 0x0,
    0x5, 0xff, 0xff, 0x70, 0x0, 0xbf, 0xff, 0xf2,
    0x0, 0x0, 0x0, 0xa, 0xff, 0xff, 0x20, 0x0,
    0x5f, 0xff, 0xf7, 0x0, 0x0, 0x0, 0xf, 0xff,
    0xfd, 0x0, 0x0, 0xf, 0xff, 0xfd, 0x0, 0x0,
    0x0, 0x5f, 0xff, 0xf7, 0x0, 0x0, 0xa, 0xff,
    0xff, 0x20, 0x0, 0x0, 0xaf, 0xff, 0xf2, 0x0,
    0x0, 0x5, 0xff, 0xff, 0x70, 0x0, 0x0, 0xef,
    0xff, 0xc0, 0x0, 0x0, 0x0, 0xff, 0xff, 0xc0,
    0x0, 0x4, 0xff, 0xff, 0x70, 0x0, 0x0, 0x0,
    0xaf, 0xff, 0xf2, 0x0, 0x9, 0xff, 0xff, 0x10,
    0x0, 0x0, 0x0, 0x4f, 0xff, 0xf7, 0x0, 0xe,
    0xff, 0xfc, 0x0, 0x0, 0x0, 0x0, 0xe, 0xff,
    0xfb, 0x0, 0x2f, 0xff, 0xf6, 0x0, 0x0, 0x0,
    0x0, 0x9, 0xff, 0xff, 0x0, 0x7f, 0xff, 0xf1,
    0x0, 0x0, 0x0, 0x0, 0x3, 0xff, 0xff, 0x40,
    0xbf, 0xff, 0xc0, 0x0, 0x0, 0x0, 0x0, 0x0,
    0xef, 0xff, 0x90, 0xff, 0xff, 0x60, 0x0, 0x0,
    0x0, 0x0, 0x0, 0x8f, 0xff, 0xd3, 0xff, 0xff,
    0x10, 0x0, 0x0, 0x0, 0x0, 0x0, 0x3f, 0xff,
    0xf9, 0xff, 0xfb, 0x0, 0x0, 0x0, 0x0, 0x0,
    0x0, 0xd, 0xff, 0xff, 0xff, 0xf6, 0x0, 0x0,
    0x0, 0x0, 0x0, 0x0, 0x8, 0xff, 0xff, 0xff,
    0xf1, 0x0, 0x0, 0x0, 0x0, 0x0, 0x0, 0x2,
    0xff, 0xff, 0xff, 0xb0, 0x0, 0x0, 0x0, 0x0,
    0x0, 0x0, 0x0, 0xdf, 0xff, 0xff, 0x50, 0x0,
    0x0, 0x0,

    /* U+0057 "W" */
    0x2f, 0xff, 0xfb, 0x0, 0x0, 0x0, 0xe, 0xff,
    0xff, 0x0, 0x0, 0x0, 0x9, 0xff, 0xff, 0x40,
    0xef, 0xff, 0xe0, 0x0, 0x0, 0x1, 0xff, 0xff,
    0xf4, 0x0, 0x0, 0x0, 0xdf, 0xff, 0xf0, 0x9,
    0xff, 0xff, 0x20, 0x0, 0x0, 0x5f, 0xff, 0xff,
    0x80, 0x0, 0x0, 0x1f, 0xff, 0xfb, 0x0, 0x5f,
    0xff, 0xf6, 0x0, 0x0, 0x9, 0xff, 0xff, 0xfb,
    0x0, 0x0, 0x4, 0xff, 0xff, 0x70, 0x1, 0xff,
    0xff, 0xa0, 0x0, 0x0, 0xdf, 0xff, 0xff, 0xf0,
    0x0, 0x0, 0x8f, 0xff, 0xf3, 0x0, 0xd, 0xff,
    0xfe, 0x0, 0x0, 0x1f, 0xff, 0xff, 0xff, 0x30,
    0x0, 0xc, 0xff, 0xfe, 0x0, 0x0, 0x8f, 0xff,
    0xf1, 0x0, 0x5, 0xff, 0xfa, 0xff, 0xf7, 0x0,
    0x0, 0xff, 0xff, 0xa0, 0x0, 0x4, 0xff, 0xff,
    0x50, 0x0, 0x9f, 0xff, 0x5f, 0xff, 0xb0, 0x0,
    0x3f, 0xff, 0xf6, 0x0, 0x0, 0xf, 0xff, 0xf9,
    0x0, 0xd, 0xff, 0xf0, 0xef, 0xff, 0x0, 0x7,
    0xff, 0xff, 0x20, 0x0, 0x0, 0xcf, 0xff, 0xd0,
    0x1, 0xff, 0xfd, 0xb, 0xff, 0xf3, 0x0, 0xbf,
    0xff, 0xd0, 0x0, 0x0, 0x7, 0xff, 0xff, 0x0,
    0x5f, 0xff, 0xa0, 0x8f, 0xff, 0x70, 0xe, 0xff,
    0xf9, 0x0, 0x0, 0x0, 0x3f, 0xff, 0xf4, 0x9,
    0xff, 0xf6, 0x4, 0xff, 0xfa, 0x2, 0xff, 0xff,
    0x50, 0x0, 0x0, 0x0, 0xff, 0xff, 0x70, 0xcf,
    0xff, 0x20, 0xf, 0xff, 0xe0, 0x5f, 0xff, 0xf1,
    0x0, 0x0, 0x0, 0xb, 0xff, 0xfa, 0xf, 0xff,
    0xd0, 0x0, 0xcf, 0xff, 0x18, 0xff, 0xfc, 0x0,
    0x0, 0x0, 0x0, 0x6f, 0xff, 0xd2, 0xff, 0xf9,
    0x0, 0x8, 0xff, 0xf4, 0xbf, 0xff, 0x80, 0x0,
    0x0, 0x0, 0x2, 0xff, 0xff, 0x5f, 0xff, 0x50,
    0x0, 0x3f, 0xff, 0x7e, 0xff, 0xf4, 0x0, 0x0,
    0x0, 0x0, 0xe, 0xff, 0xfa, 0xff, 0xf1, 0x0,
    0x0, 0xff, 0xfa, 0xff, 0xff, 0x0, 0x0, 0x0,
    0x0, 0x0, 0x9f, 0xff, 0xff, 0xfd, 0x0, 0x0,
    0xb, 0xff, 0xff, 0xff, 0xb0, 0x0, 0x0, 0x0,
    0x0, 0x5, 0xff, 0xff, 0xff, 0x90, 0x0, 0x0,
    0x7f, 0xff, 0xff, 0xf7, 0x0, 0x0, 0x0, 0x0,
    0x0, 0x1f, 0xff, 0xff, 0xf5, 0x0, 0x0, 0x3,
    0xff, 0xff, 0xff, 0x30, 0x0, 0x0, 0x0, 0x0,
    0x0, 0xdf, 0xff, 0xff, 0x10, 0x0, 0x0, 0xf,
    0xff, 0xff, 0xe0, 0x0, 0x0, 0x0, 0x0, 0x0,
    0x8, 0xff, 0xff, 0xd0, 0x0, 0x0, 0x0, 0xbf,
    0xff, 0xfa, 0x0, 0x0, 0x0,

    /* U+0058 "X" */
    0x3, 0xff, 0xff, 0xe1, 0x0, 0x0, 0x0, 0xa,
    0xff, 0xff, 0x60, 0x0, 0x8f, 0xff, 0xf9, 0x0,
    0x0, 0x0, 0x4f, 0xff, 0xfb, 0x0, 0x0, 0xd,
    0xff, 0xff, 0x40, 0x0, 0x1, 0xef, 0xff, 0xf2,
    0x0, 0x0, 0x3, 0xff, 0xff, 0xd0, 0x0, 0x9,
    0xff, 0xff, 0x60, 0x0, 0x0, 0x0, 0x9f, 0xff,
    0xf8, 0x0, 0x3f, 0xff, 0xfb, 0x0, 0x0, 0x0,
    0x0, 0xd, 0xff, 0xff, 0x10, 0xcf, 0xff, 0xf2,
    0x0, 0x0, 0x0, 0x0, 0x3, 0xff, 0xff, 0x95,
    0xff, 0xff, 0x60, 0x0, 0x0, 0x0, 0x0, 0x0,
    0x9f, 0xff, 0xfd, 0xff, 0xfc, 0x0, 0x0, 0x0,
    0x0, 0x0, 0x0, 0xd, 0xff, 0xff, 0xff, 0xf2,
    0x0, 0x0, 0x0, 0x0, 0x0, 0x0, 0x4, 0xff,
    0xff, 0xff, 0x60, 0x0, 0x0, 0x0, 0x0, 0x0,
    0x0, 0x0, 0xaf, 0xff, 0xfd, 0x0, 0x0, 0x0,
    0x0, 0x0, 0x0, 0x0, 0x0, 0xef, 0xff, 0xff,
    0x40, 0x0, 0x0, 0x0, 0x0, 0x0, 0x0, 0xa,
    0xff, 0xff, 0xff, 0xe1, 0x0, 0x0, 0x0, 0x0,
    0x0, 0x0, 0x5f, 0xff, 0xff, 0xff, 0xfa, 0x0,
    0x0, 0x0, 0x0, 0x0, 0x1, 0xef, 0xff, 0xc9,
    0xff, 0xff, 0x50, 0x0, 0x0, 0x0, 0x0, 0xb,
    0xff, 0xff, 0x31, 0xff, 0xff, 0xe1, 0x0, 0x0,
    0x0, 0x0, 0x6f, 0xff, 0xf9, 0x0, 0x7f, 0xff,
    0xfa, 0x0, 0x0, 0x0, 0x2, 0xff, 0xff, 0xe1,
    0x0, 0xd, 0xff, 0xff, 0x50, 0x0, 0x0, 0xc,
    0xff, 0xff, 0x40, 0x0, 0x3, 0xff, 0xff, 0xe1,
    0x0, 0x0, 0x8f, 0xff, 0xf9, 0x0, 0x0, 0x0,
    0x8f, 0xff, 0xfb, 0x0, 0x3, 0xff, 0xff, 0xe0,
    0x0, 0x0, 0x0, 0xd, 0xff, 0xff, 0x60, 0xd,
    0xff, 0xff, 0x40, 0x0, 0x0, 0x0, 0x3, 0xff,
    0xff, 0xf1,

    /* U+0059 "Y" */
    0x1e, 0xff, 0xff, 0x30, 0x0, 0x0, 0x0, 0x4,
    0xff, 0xff, 0xe0, 0x6, 0xff, 0xff, 0xc0, 0x0,
    0x0, 0x0, 0xc, 0xff, 0xff, 0x50, 0x0, 0xcf,
    0xff, 0xf4, 0x0, 0x0, 0x0, 0x4f, 0xff, 0xfc,
    0x0, 0x0, 0x3f, 0xff, 0xfd, 0x0, 0x0, 0x0,
    0xdf, 0xff, 0xf3, 0x0, 0x0, 0xa, 0xff, 0xff,
    0x60, 0x0, 0x5, 0xff, 0xff, 0x90, 0x0, 0x0,
    0x1, 0xff, 0xff, 0xe0, 0x0, 0xd, 0xff, 0xff,
    0x10, 0x0, 0x0, 0x0, 0x7f, 0xff, 0xf7, 0x0,
    0x6f, 0xff, 0xf7, 0x0, 0x0, 0x0, 0x0, 0xd,
    0xff, 0xfe, 0x0, 0xef, 0xff, 0xd0, 0x0, 0x0,
    0x0, 0x0, 0x4, 0xff, 0xff, 0x75, 0xff, 0xff,
    0x40, 0x0, 0x0, 0x0, 0x0, 0x0, 0xbf, 0xff,
    0xdc, 0xff, 0xfb, 0x0, 0x0, 0x0, 0x0, 0x0,
    0x0, 0x2f, 0xff, 0xff, 0xff, 0xf2, 0x0, 0x0,
    0x0, 0x0, 0x0, 0x0, 0x8, 0xff, 0xff, 0xff,
    0x80, 0x0, 0x0, 0x0, 0x0, 0x0, 0x0, 0x0,
    0xef, 0xff, 0xfe, 0x0, 0x0, 0x0, 0x0, 0x0,
    0x0, 0x0, 0x0, 0x5f, 0xff, 0xf6, 0x0, 0x0,
    0x0, 0x0, 0x0, 0x0, 0x0, 0x0, 0x3f, 0xff,
    0xf4, 0x0, 0x0, 0x0, 0x0, 0x0, 0x0, 0x0,
    0x0, 0x3f, 0xff, 0xf4, 0x0, 0x0, 0x0, 0x0,
    0x0, 0x0, 0x0, 0x0, 0x3f, 0xff, 0xf4, 0x0,
    0x0, 0x0, 0x0, 0x0, 0x0, 0x0, 0x0, 0x3f,
    0xff, 0xf4, 0x0, 0x0, 0x0, 0x0, 0x0, 0x0,
    0x0, 0x0, 0x3f, 0xff, 0xf4, 0x0, 0x0, 0x0,
    0x0, 0x0, 0x0, 0x0, 0x0, 0x3f, 0xff, 0xf4,
    0x0, 0x0, 0x0, 0x0, 0x0, 0x0, 0x0, 0x0,
    0x3f, 0xff, 0xf4, 0x0, 0x0, 0x0, 0x0, 0x0,
    0x0, 0x0, 0x0, 0x3f, 0xff, 0xf4, 0x0, 0x0,
    0x0, 0x0,

    /* U+005A "Z" */
    0x5f, 0xff, 0xff, 0xff, 0xff, 0xff, 0xff, 0xff,
    0xf3, 0x5f, 0xff, 0xff, 0xff, 0xff, 0xff, 0xff,
    0xff, 0xf3, 0x5f, 0xff, 0xff, 0xff, 0xff, 0xff,
    0xff, 0xff, 0xf3, 0x4c, 0xcc, 0xcc, 0xcc, 0xcc,
    0xcc, 0xff, 0xff, 0xb0, 0x0, 0x0, 0x0, 0x0,
    0x0, 0xa, 0xff, 0xfe, 0x10, 0x0, 0x0, 0x0,
    0x0, 0x0, 0x7f, 0xff, 0xf4, 0x0, 0x0, 0x0,
    0x0, 0x0, 0x4, 0xff, 0xff, 0x90, 0x0, 0x0,
    0x0, 0x0, 0x0, 0x1e, 0xff, 0xfd, 0x0, 0x0,
    0x0, 0x0, 0x0, 0x0, 0xbf, 0xff, 0xf3, 0x0,
    0x0, 0x0, 0x0, 0x0, 0x6, 0xff, 0xff, 0x70,
    0x0, 0x0, 0x0, 0x0, 0x0, 0x2f, 0xff, 0xfb,
    0x0, 0x0, 0x0, 0x0, 0x0, 0x0, 0xcf, 0xff,
    0xe1, 0x0, 0x0, 0x0, 0x0, 0x0, 0x8, 0xff,
    0xff, 0x50, 0x0, 0x0, 0x0, 0x0, 0x0, 0x3f,
    0xff, 0xfa, 0x0, 0x0, 0x0, 0x0, 0x0, 0x1,
    0xef, 0xff, 0xd0, 0x0, 0x0, 0x0, 0x0, 0x0,
    0xa, 0xff, 0xff, 0x30, 0x0, 0x0, 0x0, 0x0,
    0x0, 0x5f, 0xff, 0xf6, 0x0, 0x0, 0x0, 0x0,
    0x0, 0x2, 0xff, 0xff, 0x90, 0x0, 0x0, 0x0,
    0x0, 0x0, 0xc, 0xff, 0xff, 0xcc, 0xcc, 0xcc,
    0xcc, 0xcc, 0xc3, 0x4f, 0xff, 0xff, 0xff, 0xff,
    0xff, 0xff, 0xff, 0xf4, 0x5f, 0xff, 0xff, 0xff,
    0xff, 0xff, 0xff, 0xff, 0xf4, 0x5f, 0xff, 0xff,
    0xff, 0xff, 0xff, 0xff, 0xff, 0xf4,

    /* U+005B "[" */
    0x5f, 0xff, 0xff, 0xfd, 0x5f, 0xff, 0xff, 0xfd,
    0x5f, 0xff, 0xff, 0xfd, 0x5f, 0xff, 0xf6, 0x65,
    0x5f, 0xff, 0xe0, 0x0, 0x5f, 0xff, 0xe0, 0x0,
    0x5f, 0xff, 0xe0, 0x0, 0x5f, 0xff, 0xe0, 0x0,
    0x5f, 0xff, 0xe0, 0x0, 0x5f, 0xff, 0xe0, 0x0,
    0x5f, 0xff, 0xe0, 0x0, 0x5f, 0xff, 0xe0, 0x0,
    0x5f, 0xff, 0xe0, 0x0, 0x5f, 0xff, 0xe0, 0x0,
    0x5f, 0xff, 0xe0, 0x0, 0x5f, 0xff, 0xe0, 0x0,
    0x5f, 0xff, 0xe0, 0x0, 0x5f, 0xff, 0xe0, 0x0,
    0x5f, 0xff, 0xe0, 0x0, 0x5f, 0xff, 0xe0, 0x0,
    0x5f, 0xff, 0xe0, 0x0, 0x5f, 0xff, 0xe0, 0x0,
    0x5f, 0xff, 0xe0, 0x0, 0x5f, 0xff, 0xe0, 0x0,
    0x5f, 0xff, 0xf6, 0x65, 0x5f, 0xff, 0xff, 0xfd,
    0x5f, 0xff, 0xff, 0xfd, 0x5f, 0xff, 0xff, 0xfd,

    /* U+005C "\\" */
    0x7f, 0xff, 0x50, 0x0, 0x0, 0x0, 0x3f, 0xff,
    0x90, 0x0, 0x0, 0x0, 0xe, 0xff, 0xd0, 0x0,
    0x0, 0x0, 0xa, 0xff, 0xf2, 0x0, 0x0, 0x0,
    0x6, 0xff, 0xf6, 0x0, 0x0, 0x0, 0x2, 0xff,
    0xfa, 0x0, 0x0, 0x0, 0x0, 0xef, 0xfe, 0x0,
    0x0, 0x0, 0x0, 0xaf, 0xff, 0x20, 0x0, 0x0,
    0x0, 0x6f, 0xff, 0x60, 0x0, 0x0, 0x0, 0x1f,
    0xff, 0xb0, 0x0, 0x0, 0x0, 0xd, 0xff, 0xf0,
    0x0, 0x0, 0x0, 0x9, 0xff, 0xf3, 0x0, 0x0,
    0x0, 0x5, 0xff, 0xf7, 0x0, 0x0, 0x0, 0x1,
    0xff, 0xfb, 0x0, 0x0, 0x0, 0x0, 0xdf, 0xff,
    0x0, 0x0, 0x0, 0x0, 0x8f, 0xff, 0x40, 0x0,
    0x0, 0x0, 0x4f, 0xff, 0x80, 0x0, 0x0, 0x0,
    0xf, 0xff, 0xc0, 0x0, 0x0, 0x0, 0xc, 0xff,
    0xf0, 0x0, 0x0, 0x0, 0x8, 0xff, 0xf4, 0x0,
    0x0, 0x0, 0x4, 0xff, 0xf8, 0x0, 0x0, 0x0,
    0x0, 0xff, 0xfd, 0x0, 0x0, 0x0, 0x0, 0xbf,
    0xff, 0x10, 0x0, 0x0, 0x0, 0x7f, 0xff, 0x50,
    0x0, 0x0, 0x0, 0x3f, 0xff, 0x90, 0x0, 0x0,
    0x0, 0xf, 0xff, 0xd0, 0x0, 0x0, 0x0, 0xb,
    0xff, 0xf1,

    /* U+005D "]" */
    0x8f, 0xff, 0xff, 0xfa, 0x8f, 0xff, 0xff, 0xfa,
    0x8f, 0xff, 0xff, 0xfa, 0x36, 0x6c, 0xff, 0xfa,
    0x0, 0x9, 0xff, 0xfa, 0x0, 0x9, 0xff, 0xfa,
    0x0, 0x9, 0xff, 0xfa, 0x0, 0x9, 0xff, 0xfa,
    0x0, 0x9, 0xff, 0xfa, 0x0, 0x9, 0xff, 0xfa,
    0x0, 0x9, 0xff, 0xfa, 0x0, 0x9, 0xff, 0xfa,
    0x0, 0x9, 0xff, 0xfa, 0x0, 0x9, 0xff, 0xfa,
    0x0, 0x9, 0xff, 0xfa, 0x0, 0x9, 0xff, 0xfa,
    0x0, 0x9, 0xff, 0xfa, 0x0, 0x9, 0xff, 0xfa,
    0x0, 0x9, 0xff, 0xfa, 0x0, 0x9, 0xff, 0xfa,
    0x0, 0x9, 0xff, 0xfa, 0x0, 0x9, 0xff, 0xfa,
    0x0, 0x9, 0xff, 0xfa, 0x0, 0x9, 0xff, 0xfa,
    0x36, 0x6c, 0xff, 0xfa, 0x8f, 0xff, 0xff, 0xfa,
    0x8f, 0xff, 0xff, 0xfa, 0x8f, 0xff, 0xff, 0xfa,

    /* U+005E "^" */
    0x0, 0x0, 0x48, 0x88, 0x10, 0x0, 0x0, 0x0,
    0xe, 0xff, 0xf9, 0x0, 0x0, 0x0, 0x6, 0xff,
    0xff, 0xf1, 0x0, 0x0, 0x0, 0xef, 0xfc, 0xff,
    0x80, 0x0, 0x0, 0x6f, 0xfc, 0x2f, 0xfe, 0x0,
    0x0, 0xd, 0xff, 0x50, 0xcf, 0xf7, 0x0, 0x5,
    0xff, 0xe0, 0x5, 0xff, 0xe0, 0x0, 0xcf, 0xf7,
    0x0, 0xd, 0xff, 0x60, 0x4f, 0xff, 0x10, 0x0,
    0x7f, 0xfd, 0xb, 0xff, 0x90, 0x0, 0x1, 0xff,
    0xf5,

    /* U+005F "_" */
    0x77, 0x77, 0x77, 0x77, 0x77, 0x77, 0x77, 0x2f,
    0xff, 0xff, 0xff, 0xff, 0xff, 0xff, 0xf4, 0xff,
    0xff, 0xff, 0xff, 0xff, 0xff, 0xff, 0x4f, 0xff,
    0xff, 0xff, 0xff, 0xff, 0xff, 0xf4,

    /* U+0060 "`" */
    0x4a, 0xaa, 0x60, 0x0, 0xdf, 0xfe, 0x0, 0x3,
    0xff, 0xf6, 0x0, 0x9, 0xff, 0xd0, 0x0, 0xe,
    0xff, 0x40,

    /* U+0061 "a" */
    0x0, 0x1, 0x8c, 0xef, 0xec, 0x82, 0x0, 0x0,
    0x7, 0xff, 0xff, 0xff, 0xff, 0xf8, 0x0, 0x7,
    0xff, 0xff, 0xff, 0xff, 0xff, 0xf9, 0x2, 0xff,
    0xff, 0xe7, 0x57, 0xef, 0xff, 0xf2, 0x4b, 0xdf,
    0xd1, 0x0, 0x2, 0xff, 0xff, 0x60, 0x0, 0x1,
    0x0, 0x0, 0xe, 0xff, 0xf8, 0x0, 0x0, 0x0,
    0x1, 0x38, 0xff, 0xff, 0x80, 0x0, 0x6a, 0xdf,
    0xff, 0xff, 0xff, 0xf8, 0x5, 0xef, 0xff, 0xff,
    0xff, 0xff, 0xff, 0x84, 0xff, 0xff, 0xfd, 0xa7,
    0x4d, 0xff, 0xf8, 0xbf, 0xff, 0xd2, 0x0, 0x0,
    0xdf, 0xff, 0x8e, 0xff, 0xf4, 0x0, 0x0, 0xf,
    0xff, 0xf8, 0xff, 0xff, 0x50, 0x0, 0x7, 0xff,
    0xff, 0x8d, 0xff, 0xfe, 0x63, 0x4a, 0xff, 0xff,
    0xf8, 0x7f, 0xff, 0xff, 0xff, 0xff, 0xdf, 0xff,
    0x80, 0xaf, 0xff, 0xff, 0xff, 0x6a, 0xff, 0xf8,
    0x0, 0x5b, 0xef, 0xea, 0x30, 0xaf, 0xff, 0x80,

    /* U+0062 "b" */
    0x2f, 0xff, 0xf4, 0x0, 0x0, 0x0, 0x0, 0x0,
    0x2, 0xff, 0xff, 0x40, 0x0, 0x0, 0x0, 0x0,
    0x0, 0x2f, 0xff, 0xf4, 0x0, 0x0, 0x0, 0x0,
    0x0, 0x2, 0xff, 0xff, 0x40, 0x0, 0x0, 0x0,
    0x0, 0x0, 0x2f, 0xff, 0xf4, 0x0, 0x0, 0x0,
    0x0, 0x0, 0x2, 0xff, 0xff, 0x40, 0x5c, 0xff,
    0xc7, 0x0, 0x0, 0x2f, 0xff, 0xf4, 0x8f, 0xff,
    0xff, 0xfd, 0x20, 0x2, 0xff, 0xff, 0x9f, 0xff,
    0xff, 0xff, 0xfe, 0x10, 0x2f, 0xff, 0xff, 0xfd,
    0xab, 0xff, 0xff, 0xf9, 0x2, 0xff, 0xff, 0xf7,
    0x0, 0x2, 0xef, 0xff, 0xf0, 0x2f, 0xff, 0xfd,
    0x0, 0x0, 0x7, 0xff, 0xff, 0x52, 0xff, 0xff,
    0x60, 0x0, 0x0, 0x1f, 0xff, 0xf8, 0x2f, 0xff,
    0xf4, 0x0, 0x0, 0x0, 0xef, 0xff, 0x92, 0xff,
    0xff, 0x30, 0x0, 0x0, 0xc, 0xff, 0xfa, 0x2f,
    0xff, 0xf4, 0x0, 0x0, 0x0, 0xef, 0xff, 0x92,
    0xff, 0xff, 0x70, 0x0, 0x0, 0x1f, 0xff, 0xf8,
    0x2f, 0xff, 0xfd, 0x0, 0x0, 0x7, 0xff, 0xff,
    0x52, 0xff, 0xff, 0xf8, 0x0, 0x3, 0xef, 0xff,
    0xf0, 0x2f, 0xff, 0xff, 0xfd, 0xab, 0xff, 0xff,
    0xf9, 0x2, 0xff, 0xff, 0x9f, 0xff, 0xff, 0xff,
    0xfe, 0x10, 0x2f, 0xff, 0xf3, 0x9f, 0xff, 0xff,
    0xfd, 0x20, 0x2, 0xff, 0xff, 0x30, 0x5c, 0xff,
    0xc7, 0x0, 0x0,

    /* U+0063 "c" */
    0x0, 0x0, 0x39, 0xdf, 0xfe, 0xb5, 0x0, 0x0,
    0x0, 0x9, 0xff, 0xff, 0xff, 0xff, 0xd2, 0x0,
    0x0, 0xbf, 0xff, 0xff, 0xff, 0xff, 0xfe, 0x20,
    0x7, 0xff, 0xff, 0xfa, 0x9d, 0xff, 0xff, 0xc0,
    0xf, 0xff, 0xfd, 0x10, 0x0, 0x8f, 0xff, 0xf3,
    0x5f, 0xff, 0xf5, 0x0, 0x0, 0xe, 0xfe, 0xb3,
    0x9f, 0xff, 0xe0, 0x0, 0x0, 0x2, 0x10, 0x0,
    0xbf, 0xff, 0xc0, 0x0, 0x0, 0x0, 0x0, 0x0,
    0xcf, 0xff, 0xb0, 0x0, 0x0, 0x0, 0x0, 0x0,
    0xbf, 0xff, 0xc0, 0x0, 0x0, 0x0, 0x0, 0x0,
    0x9f, 0xff, 0xe0, 0x0, 0x0, 0x3, 0x20, 0x0,
    0x5f, 0xff, 0xf5, 0x0, 0x0, 0xe, 0xff, 0xd4,
    0xf, 0xff, 0xfd, 0x10, 0x0, 0x8f, 0xff, 0xf3,
    0x7, 0xff, 0xff, 0xfa, 0x9d, 0xff, 0xff, 0xc0,
    0x0, 0xbf, 0xff, 0xff, 0xff, 0xff, 0xfe, 0x20,
    0x0, 0x9, 0xff, 0xff, 0xff, 0xff, 0xd2, 0x0,
    0x0, 0x0, 0x39, 0xdf, 0xfe, 0xb6, 0x0, 0x0,

    /* U+0064 "d" */
    0x0, 0x0, 0x0, 0x0, 0x0, 0x5, 0xff, 0xff,
    0x0, 0x0, 0x0, 0x0, 0x0, 0x0, 0x5f, 0xff,
    0xf0, 0x0, 0x0, 0x0, 0x0, 0x0, 0x5, 0xff,
    0xff, 0x0, 0x0, 0x0, 0x0, 0x0, 0x0, 0x5f,
    0xff, 0xf0, 0x0, 0x0, 0x0, 0x0, 0x0, 0x5,
    0xff, 0xff, 0x0, 0x0, 0x17, 0xdf, 0xeb, 0x40,
    0x5f, 0xff, 0xf0, 0x0, 0x3e, 0xff, 0xff, 0xff,
    0x75, 0xff, 0xff, 0x0, 0x2f, 0xff, 0xff, 0xff,
    0xff, 0x9f, 0xff, 0xf0, 0xb, 0xff, 0xff, 0xfb,
    0xad, 0xff, 0xff, 0xff, 0x2, 0xff, 0xff, 0xe2,
    0x0, 0x9, 0xff, 0xff, 0xf0, 0x7f, 0xff, 0xf5,
    0x0, 0x0, 0xe, 0xff, 0xff, 0xa, 0xff, 0xff,
    0x0, 0x0, 0x0, 0x8f, 0xff, 0xf0, 0xbf, 0xff,
    0xd0, 0x0, 0x0, 0x6, 0xff, 0xff, 0xc, 0xff,
    0xfb, 0x0, 0x0, 0x0, 0x4f, 0xff, 0xf0, 0xbf,
    0xff, 0xd0, 0x0, 0x0, 0x6, 0xff, 0xff, 0xa,
    0xff, 0xff, 0x0, 0x0, 0x0, 0x8f, 0xff, 0xf0,
    0x7f, 0xff, 0xf5, 0x0, 0x0, 0xe, 0xff, 0xff,
    0x2, 0xff, 0xff, 0xe2, 0x0, 0x9, 0xff, 0xff,
    0xf0, 0xb, 0xff, 0xff, 0xfb, 0xad, 0xff, 0xff,
    0xff, 0x0, 0x2f, 0xff, 0xff, 0xff, 0xff, 0x9f,
    0xff, 0xf0, 0x0, 0x3e, 0xff, 0xff, 0xff, 0x84,
    0xff, 0xff, 0x0, 0x0, 0x17, 0xcf, 0xfc, 0x50,
    0x4f, 0xff, 0xf0,

    /* U+0065 "e" */
    0x0, 0x0, 0x39, 0xdf, 0xfd, 0x93, 0x0, 0x0,
    0x0, 0x9, 0xff, 0xff, 0xff, 0xff, 0xa0, 0x0,
    0x0, 0xbf, 0xff, 0xff, 0xff, 0xff, 0xfc, 0x0,
    0x7, 0xff, 0xff, 0xc7, 0x7b, 0xff, 0xff, 0x70,
    0xf, 0xff, 0xf9, 0x0, 0x0, 0x7f, 0xff, 0xf1,
    0x5f, 0xff, 0xe0, 0x0, 0x0, 0xd, 0xff, 0xf5,
    0x9f, 0xff, 0xa0, 0x0, 0x0, 0x9, 0xff, 0xf9,
    0xbf, 0xff, 0xff, 0xff, 0xff, 0xff, 0xff, 0xfb,
    0xcf, 0xff, 0xff, 0xff, 0xff, 0xff, 0xff, 0xfb,
    0xbf, 0xff, 0xed, 0xdd, 0xdd, 0xdd, 0xdd, 0xd9,
    0x9f, 0xff, 0xa0, 0x0, 0x0, 0x0, 0x0, 0x0,
    0x6f, 0xff, 0xe0, 0x0, 0x0, 0x1, 0x0, 0x0,
    0x1f, 0xff, 0xf9, 0x0, 0x0, 0x1d, 0xfd, 0xa3,
    0x8, 0xff, 0xff, 0xd8, 0x68, 0xef, 0xff, 0xf1,
    0x0, 0xcf, 0xff, 0xff, 0xff, 0xff, 0xff, 0x60,
    0x0, 0xa, 0xff, 0xff, 0xff, 0xff, 0xf6, 0x0,
    0x0, 0x0, 0x39, 0xdf, 0xfe, 0xc7, 0x10, 0x0,

    /* U+0066 "f" */
    0x0, 0x0, 0x0, 0x48, 0x98, 0x62, 0x0, 0x0,
    0x2d, 0xff, 0xff, 0xf7, 0x0, 0x1, 0xef, 0xff,
    0xff, 0xf4, 0x0, 0x7, 0xff, 0xff, 0xff, 0xf0,
    0x0, 0xb, 0xff, 0xfe, 0x30, 0x10, 0x0, 0xc,
    0xff, 0xf9, 0x0, 0x0, 0x0, 0xd, 0xff, 0xf9,
    0x0, 0x0, 0xbf, 0xff, 0xff, 0xff, 0xff, 0xf0,
    0xbf, 0xff, 0xff, 0xff, 0xff, 0xf0, 0xbf, 0xff,
    0xff, 0xff, 0xff, 0xf0, 0x47, 0x7e, 0xff, 0xfc,
    0x77, 0x60, 0x0, 0xd, 0xff, 0xf9, 0x0, 0x0,
    0x0, 0xd, 0xff, 0xf9, 0x0, 0x0, 0x0, 0xd,
    0xff, 0xf9, 0x0, 0x0, 0x0, 0xd, 0xff, 0xf9,
    0x0, 0x0, 0x0, 0xd, 0xff, 0xf9, 0x0, 0x0,
    0x0, 0xd, 0xff, 0xf9, 0x0, 0x0, 0x0, 0xd,
    0xff, 0xf9, 0x0, 0x0, 0x0, 0xd, 0xff, 0xf9,
    0x0, 0x0, 0x0, 0xd, 0xff, 0xf9, 0x0, 0x0,
    0x0, 0xd, 0xff, 0xf9, 0x0, 0x0, 0x0, 0xd,
    0xff, 0xf9, 0x0, 0x0, 0x0, 0xd, 0xff, 0xf9,
    0x0, 0x0, 0x0, 0xd, 0xff, 0xf9, 0x0, 0x0,

    /* U+0067 "g" */
    0x0, 0x0, 0x7c, 0xff, 0xb5, 0x3, 0xff, 0xff,
    0x10, 0x2, 0xef, 0xff, 0xff, 0xf8, 0x3f, 0xff,
    0xf1, 0x1, 0xef, 0xff, 0xff, 0xff, 0xf8, 0xff,
    0xff, 0x10, 0xaf, 0xff, 0xff, 0xba, 0xdf, 0xff,
    0xff, 0xf1, 0x1f, 0xff, 0xfe, 0x20, 0x0, 0x9f,
    0xff, 0xff, 0x16, 0xff, 0xff, 0x60, 0x0, 0x0,
    0xef, 0xff, 0xf1, 0x9f, 0xff, 0xf0, 0x0, 0x0,
    0x8, 0xff, 0xff, 0x1b, 0xff, 0xfd, 0x0, 0x0,
    0x0, 0x6f, 0xff, 0xf1, 0xcf, 0xff, 0xb0, 0x0,
    0x0, 0x4, 0xff, 0xff, 0x1b, 0xff, 0xfc, 0x0,
    0x0, 0x0, 0x5f, 0xff, 0xf1, 0xaf, 0xff, 0xe0,
    0x0, 0x0, 0x7, 0xff, 0xff, 0x18, 0xff, 0xff,
    0x40, 0x0, 0x0, 0xdf, 0xff, 0xf1, 0x3f, 0xff,
    0xfc, 0x0, 0x0, 0x6f, 0xff, 0xff, 0x10, 0xcf,
    0xff, 0xfe, 0x87, 0xbf, 0xff, 0xff, 0xf1, 0x3,
    0xff, 0xff, 0xff, 0xff, 0xf9, 0xff, 0xff, 0x10,
    0x4, 0xff, 0xff, 0xff, 0xf8, 0x4f, 0xff, 0xf1,
    0x0, 0x1, 0x8d, 0xfe, 0xc5, 0x4, 0xff, 0xff,
    0x10, 0x0, 0x0, 0x0, 0x0, 0x0, 0x6f, 0xff,
    0xf0, 0x1, 0x48, 0x90, 0x0, 0x0, 0xc, 0xff,
    0xfc, 0x0, 0xff, 0xff, 0xd7, 0x55, 0x7d, 0xff,
    0xff, 0x50, 0x6, 0xff, 0xff, 0xff, 0xff, 0xff,
    0xff, 0xa0, 0x0, 0x6, 0xff, 0xff, 0xff, 0xff,
    0xff, 0x80, 0x0, 0x0, 0x1, 0x7b, 0xef, 0xfe,
    0xc7, 0x20, 0x0, 0x0,

    /* U+0068 "h" */
    0x2f, 0xff, 0xf3, 0x0, 0x0, 0x0, 0x0, 0x0,
    0x2f, 0xff, 0xf3, 0x0, 0x0, 0x0, 0x0, 0x0,
    0x2f, 0xff, 0xf3, 0x0, 0x0, 0x0, 0x0, 0x0,
    0x2f, 0xff, 0xf3, 0x0, 0x0, 0x0, 0x0, 0x0,
    0x2f, 0xff, 0xf3, 0x0, 0x0, 0x0, 0x0, 0x0,
    0x2f, 0xff, 0xf3, 0x4, 0xbe, 0xfd, 0x81, 0x0,
    0x2f, 0xff, 0xf3, 0x7f, 0xff, 0xff, 0xfe, 0x20,
    0x2f, 0xff, 0xf7, 0xff, 0xff, 0xff, 0xff, 0xd0,
    0x2f, 0xff, 0xff, 0xfe, 0xcf, 0xff, 0xff, 0xf5,
    0x2f, 0xff, 0xff, 0x70, 0x0, 0x9f, 0xff, 0xf9,
    0x2f, 0xff, 0xfa, 0x0, 0x0, 0xe, 0xff, 0xfc,
    0x2f, 0xff, 0xf6, 0x0, 0x0, 0xa, 0xff, 0xfc,
    0x2f, 0xff, 0xf4, 0x0, 0x0, 0x9, 0xff, 0xfd,
    0x2f, 0xff, 0xf4, 0x0, 0x0, 0x9, 0xff, 0xfd,
    0x2f, 0xff, 0xf4, 0x0, 0x0, 0x9, 0xff, 0xfd,
    0x2f, 0xff, 0xf4, 0x0, 0x0, 0x9, 0xff, 0xfd,
    0x2f, 0xff, 0xf4, 0x0, 0x0, 0x9, 0xff, 0xfd,
    0x2f, 0xff, 0xf4, 0x0, 0x0, 0x9, 0xff, 0xfd,
    0x2f, 0xff, 0xf4, 0x0, 0x0, 0x9, 0xff, 0xfd,
    0x2f, 0xff, 0xf4, 0x0, 0x0, 0x9, 0xff, 0xfd,
    0x2f, 0xff, 0xf4, 0x0, 0x0, 0x9, 0xff, 0xfd,
    0x2f, 0xff, 0xf4, 0x0, 0x0, 0x9, 0xff, 0xfd,

    /* U+0069 "i" */
    0x1, 0x88, 0x20, 0xe, 0xff, 0xf2, 0x4f, 0xff,
    0xf6, 0x2f, 0xff, 0xf4, 0x5, 0xee, 0x70, 0x0,
    0x0, 0x0, 0x0, 0x0, 0x0, 0x2f, 0xff, 0xf4,
    0x2f, 0xff, 0xf4, 0x2f, 0xff, 0xf4, 0x2f, 0xff,
    0xf4, 0x2f, 0xff, 0xf4, 0x2f, 0xff, 0xf4, 0x2f,
    0xff, 0xf4, 0x2f, 0xff, 0xf4, 0x2f, 0xff, 0xf4,
    0x2f, 0xff, 0xf4, 0x2f, 0xff, 0xf4, 0x2f, 0xff,
    0xf4, 0x2f, 0xff, 0xf4, 0x2f, 0xff, 0xf4, 0x2f,
    0xff, 0xf4, 0x2f, 0xff, 0xf4, 0x2f, 0xff, 0xf4,

    /* U+006A "j" */
    0x0, 0x5, 0xee, 0x70, 0x0, 0x2f, 0xff, 0xf4,
    0x0, 0x4f, 0xff, 0xf6, 0x0, 0xe, 0xff, 0xf2,
    0x0, 0x1, 0x88, 0x20, 0x0, 0x0, 0x0, 0x0,
    0x0, 0x0, 0x0, 0x0, 0x0, 0x2f, 0xff, 0xf4,
    0x0, 0x2f, 0xff, 0xf4, 0x0, 0x2f, 0xff, 0xf4,
    0x0, 0x2f, 0xff, 0xf4, 0x0, 0x2f, 0xff, 0xf4,
    0x0, 0x2f, 0xff, 0xf4, 0x0, 0x2f, 0xff, 0xf4,
    0x0, 0x2f, 0xff, 0xf4, 0x0, 0x2f, 0xff, 0xf4,
    0x0, 0x2f, 0xff, 0xf4, 0x0, 0x2f, 0xff, 0xf4,
    0x0, 0x2f, 0xff, 0xf4, 0x0, 0x2f, 0xff, 0xf4,
    0x0, 0x2f, 0xff, 0xf4, 0x0, 0x2f, 0xff, 0xf4,
    0x0, 0x2f, 0xff, 0xf4, 0x0, 0x2f, 0xff, 0xf4,
    0x0, 0x2f, 0xff, 0xf4, 0x0, 0x5f, 0xff, 0xf3,
    0x6a, 0xff, 0xff, 0xf0, 0xbf, 0xff, 0xff, 0x90,
    0xbf, 0xff, 0xfc, 0x10, 0xbf, 0xeb, 0x60, 0x0,

    /* U+006B "k" */
    0x2f, 0xff, 0xf4, 0x0, 0x0, 0x0, 0x0, 0x0,
    0x2, 0xff, 0xff, 0x40, 0x0, 0x0, 0x0, 0x0,
    0x0, 0x2f, 0xff, 0xf4, 0x0, 0x0, 0x0, 0x0,
    0x0, 0x2, 0xff, 0xff, 0x40, 0x0, 0x0, 0x0,
    0x0, 0x0, 0x2f, 0xff, 0xf4, 0x0, 0x0, 0x0,
    0x0, 0x0, 0x2, 0xff, 0xff, 0x40, 0x0, 0x8,
    0xff, 0xff, 0x80, 0x2f, 0xff, 0xf4, 0x0, 0x5,
    0xff, 0xff, 0xb0, 0x2, 0xff, 0xff, 0x40, 0x3,
    0xff, 0xff, 0xd0, 0x0, 0x2f, 0xff, 0xf4, 0x1,
    0xef, 0xff, 0xe2, 0x0, 0x2, 0xff, 0xff, 0x40,
    0xcf, 0xff, 0xf4, 0x0, 0x0, 0x2f, 0xff, 0xf4,
    0xaf, 0xff, 0xf6, 0x0, 0x0, 0x2, 0xff, 0xff,
    0xcf, 0xff, 0xf9, 0x0, 0x0, 0x0, 0x2f, 0xff,
    0xff, 0xff, 0xff, 0x10, 0x0, 0x0, 0x2, 0xff,
    0xff, 0xff, 0xff, 0xf9, 0x0, 0x0, 0x0, 0x2f,
    0xff, 0xff, 0xff, 0xff, 0xf4, 0x0, 0x0, 0x2,
    0xff, 0xff, 0xf6, 0xff, 0xff, 0xe0, 0x0, 0x0,
    0x2f, 0xff, 0xf6, 0x8, 0xff, 0xff, 0x90, 0x0,
    0x2, 0xff, 0xff, 0x40, 0xd, 0xff, 0xff, 0x40,
    0x0, 0x2f, 0xff, 0xf4, 0x0, 0x3f, 0xff, 0xfe,
    0x0, 0x2, 0xff, 0xff, 0x40, 0x0, 0x8f, 0xff,
    0xf9, 0x0, 0x2f, 0xff, 0xf4, 0x0, 0x0, 0xdf,
    0xff, 0xf4, 0x2, 0xff, 0xff, 0x40, 0x0, 0x3,
    0xff, 0xff, 0xe0,

    /* U+006C "l" */
    0x2f, 0xff, 0xf4, 0x2f, 0xff, 0xf4, 0x2f, 0xff,
    0xf4, 0x2f, 0xff, 0xf4, 0x2f, 0xff, 0xf4, 0x2f,
    0xff, 0xf4, 0x2f, 0xff, 0xf4, 0x2f, 0xff, 0xf4,
    0x2f, 0xff, 0xf4, 0x2f, 0xff, 0xf4, 0x2f, 0xff,
    0xf4, 0x2f, 0xff, 0xf4, 0x2f, 0xff, 0xf4, 0x2f,
    0xff, 0xf4, 0x2f, 0xff, 0xf4, 0x2f, 0xff, 0xf4,
    0x2f, 0xff, 0xf4, 0x2f, 0xff, 0xf4, 0x2f, 0xff,
    0xf4, 0x2f, 0xff, 0xf4, 0x2f, 0xff, 0xf4, 0x2f,
    0xff, 0xf4,

    /* U+006D "m" */
    0x2f, 0xff, 0xf0, 0x5, 0xcf, 0xe9, 0x10, 0x0,
    0x3a, 0xef, 0xd8, 0x10, 0x2, 0xff, 0xff, 0x9,
    0xff, 0xff, 0xfc, 0x0, 0x8f, 0xff, 0xff, 0xfd,
    0x10, 0x2f, 0xff, 0xf7, 0xff, 0xff, 0xff, 0xf7,
    0x5f, 0xff, 0xff, 0xff, 0xfb, 0x2, 0xff, 0xff,
    0xef, 0xdd, 0xff, 0xff, 0xed, 0xff, 0xcf, 0xff,
    0xff, 0xf2, 0x2f, 0xff, 0xff, 0x40, 0x4, 0xff,
    0xff, 0xfa, 0x0, 0xb, 0xff, 0xff, 0x62, 0xff,
    0xff, 0x80, 0x0, 0x9, 0xff, 0xff, 0x10, 0x0,
    0x1f, 0xff, 0xf7, 0x2f, 0xff, 0xf5, 0x0, 0x0,
    0x7f, 0xff, 0xd0, 0x0, 0x0, 0xef, 0xff, 0x82,
    0xff, 0xff, 0x40, 0x0, 0x7, 0xff, 0xfd, 0x0,
    0x0, 0xe, 0xff, 0xf8, 0x2f, 0xff, 0xf4, 0x0,
    0x0, 0x7f, 0xff, 0xd0, 0x0, 0x0, 0xef, 0xff,
    0x82, 0xff, 0xff, 0x40, 0x0, 0x7, 0xff, 0xfd,
    0x0, 0x0, 0xe, 0xff, 0xf8, 0x2f, 0xff, 0xf4,
    0x0, 0x0, 0x7f, 0xff, 0xd0, 0x0, 0x0, 0xef,
    0xff, 0x82, 0xff, 0xff, 0x40, 0x0, 0x7, 0xff,
    0xfd, 0x0, 0x0, 0xe, 0xff, 0xf8, 0x2f, 0xff,
    0xf4, 0x0, 0x0, 0x7f, 0xff, 0xd0, 0x0, 0x0,
    0xef, 0xff, 0x82, 0xff, 0xff, 0x40, 0x0, 0x7,
    0xff, 0xfd, 0x0, 0x0, 0xe, 0xff, 0xf8, 0x2f,
    0xff, 0xf4, 0x0, 0x0, 0x7f, 0xff, 0xd0, 0x0,
    0x0, 0xef, 0xff, 0x82, 0xff, 0xff, 0x40, 0x0,
    0x7, 0xff, 0xfd, 0x0, 0x0, 0xe, 0xff, 0xf8,
    0x2f, 0xff, 0xf4, 0x0, 0x0, 0x7f, 0xff, 0xd0,
    0x0, 0x0, 0xef, 0xff, 0x80,

    /* U+006E "n" */
    0x2f, 0xff, 0xf0, 0x5, 0xbe, 0xfd, 0x81, 0x0,
    0x2f, 0xff, 0xf0, 0x9f, 0xff, 0xff, 0xfe, 0x20,
    0x2f, 0xff, 0xf7, 0xff, 0xff, 0xff, 0xff, 0xd0,
    0x2f, 0xff, 0xfe, 0xfb, 0x9c, 0xff, 0xff, 0xf5,
    0x2f, 0xff, 0xff, 0x40, 0x0, 0x7f, 0xff, 0xf9,
    0x2f, 0xff, 0xf9, 0x0, 0x0, 0xd, 0xff, 0xfb,
    0x2f, 0xff, 0xf5, 0x0, 0x0, 0xa, 0xff, 0xfc,
    0x2f, 0xff, 0xf4, 0x0, 0x0, 0x9, 0xff, 0xfc,
    0x2f, 0xff, 0xf4, 0x0, 0x0, 0x9, 0xff, 0xfc,
    0x2f, 0xff, 0xf4, 0x0, 0x0, 0x9, 0xff, 0xfc,
    0x2f, 0xff, 0xf4, 0x0, 0x0, 0x9, 0xff, 0xfc,
    0x2f, 0xff, 0xf4, 0x0, 0x0, 0x9, 0xff, 0xfc,
    0x2f, 0xff, 0xf4, 0x0, 0x0, 0x9, 0xff, 0xfc,
    0x2f, 0xff, 0xf4, 0x0, 0x0, 0x9, 0xff, 0xfc,
    0x2f, 0xff, 0xf4, 0x0, 0x0, 0x9, 0xff, 0xfc,
    0x2f, 0xff, 0xf4, 0x0, 0x0, 0x9, 0xff, 0xfc,
    0x2f, 0xff, 0xf4, 0x0, 0x0, 0x9, 0xff, 0xfc,

    /* U+006F "o" */
    0x0, 0x0, 0x39, 0xdf, 0xfe, 0xb6, 0x0, 0x0,
    0x0, 0x0, 0x9f, 0xff, 0xff, 0xff, 0xfd, 0x20,
    0x0, 0x0, 0xbf, 0xff, 0xff, 0xff, 0xff, 0xff,
    0x20, 0x0, 0x7f, 0xff, 0xfe, 0xa9, 0xdf, 0xff,
    0xfd, 0x0, 0xf, 0xff, 0xfd, 0x10, 0x0, 0x8f,
    0xff, 0xf6, 0x5, 0xff, 0xff, 0x50, 0x0, 0x0,
    0xef, 0xff, 0xb0, 0x9f, 0xff, 0xe0, 0x0, 0x0,
    0x8, 0xff, 0xff, 0xb, 0xff, 0xfc, 0x0, 0x0,
    0x0, 0x5f, 0xff, 0xf1, 0xcf, 0xff, 0xb0, 0x0,
    0x0, 0x4, 0xff, 0xff, 0x3b, 0xff, 0xfc, 0x0,
    0x0, 0x0, 0x5f, 0xff, 0xf1, 0x9f, 0xff, 0xe0,
    0x0, 0x0, 0x8, 0xff, 0xff, 0x5, 0xff, 0xff,
    0x50, 0x0, 0x0, 0xef, 0xff, 0xc0, 0xf, 0xff,
    0xfd, 0x10, 0x0, 0x8f, 0xff, 0xf6, 0x0, 0x7f,
    0xff, 0xfe, 0xa9, 0xdf, 0xff, 0xfd, 0x0, 0x0,
    0xbf, 0xff, 0xff, 0xff, 0xff, 0xff, 0x30, 0x0,
    0x0, 0x9f, 0xff, 0xff, 0xff, 0xfd, 0x20, 0x0,
    0x0, 0x0, 0x39, 0xdf, 0xfe, 0xb6, 0x0, 0x0,
    0x0,

    /* U+0070 "p" */
    0x2f, 0xff, 0xf3, 0x6, 0xcf, 0xfc, 0x70, 0x0,
    0x2, 0xff, 0xff, 0x3a, 0xff, 0xff, 0xff, 0xd2,
    0x0, 0x2f, 0xff, 0xfa, 0xff, 0xff, 0xff, 0xff,
    0xe1, 0x2, 0xff, 0xff, 0xff, 0xa6, 0x8e, 0xff,
    0xff, 0x90, 0x2f, 0xff, 0xff, 0x50, 0x0, 0x1d,
    0xff, 0xff, 0x2, 0xff, 0xff, 0xc0, 0x0, 0x0,
    0x6f, 0xff, 0xf5, 0x2f, 0xff, 0xf6, 0x0, 0x0,
    0x0, 0xff, 0xff, 0x82, 0xff, 0xff, 0x40, 0x0,
    0x0, 0xe, 0xff, 0xf9, 0x2f, 0xff, 0xf3, 0x0,
    0x0, 0x0, 0xcf, 0xff, 0xa2, 0xff, 0xff, 0x40,
    0x0, 0x0, 0xe, 0xff, 0xf9, 0x2f, 0xff, 0xf7,
    0x0, 0x0, 0x1, 0xff, 0xff, 0x82, 0xff, 0xff,
    0xd0, 0x0, 0x0, 0x7f, 0xff, 0xf5, 0x2f, 0xff,
    0xff, 0x80, 0x0, 0x3f, 0xff, 0xff, 0x2, 0xff,
    0xff, 0xff, 0xda, 0xbf, 0xff, 0xff, 0x90, 0x2f,
    0xff, 0xf9, 0xff, 0xff, 0xff, 0xff, 0xe1, 0x2,
    0xff, 0xff, 0x49, 0xff, 0xff, 0xff, 0xd2, 0x0,
    0x2f, 0xff, 0xf4, 0x5, 0xcf, 0xfc, 0x70, 0x0,
    0x2, 0xff, 0xff, 0x40, 0x0, 0x0, 0x0, 0x0,
    0x0, 0x2f, 0xff, 0xf4, 0x0, 0x0, 0x0, 0x0,
    0x0, 0x2, 0xff, 0xff, 0x40, 0x0, 0x0, 0x0,
    0x0, 0x0, 0x2f, 0xff, 0xf4, 0x0, 0x0, 0x0,
    0x0, 0x0, 0x2, 0xff, 0xff, 0x40, 0x0, 0x0,
    0x0, 0x0, 0x0, 0x2f, 0xff, 0xf4, 0x0, 0x0,
    0x0, 0x0, 0x0, 0x0,

    /* U+0071 "q" */
    0x0, 0x1, 0x7d, 0xfe, 0xb4, 0x4, 0xff, 0xff,
    0x0, 0x3, 0xef, 0xff, 0xff, 0xf7, 0x4f, 0xff,
    0xf0, 0x2, 0xff, 0xff, 0xff, 0xff, 0xf7, 0xff,
    0xff, 0x0, 0xbf, 0xff, 0xff, 0xba, 0xdf, 0xff,
    0xff, 0xf0, 0x2f, 0xff, 0xfe, 0x20, 0x0, 0x9f,
    0xff, 0xff, 0x7, 0xff, 0xff, 0x50, 0x0, 0x0,
    0xef, 0xff, 0xf0, 0xaf, 0xff, 0xf0, 0x0, 0x0,
    0x8, 0xff, 0xff, 0xb, 0xff, 0xfd, 0x0, 0x0,
    0x0, 0x6f, 0xff, 0xf0, 0xcf, 0xff, 0xb0, 0x0,
    0x0, 0x4, 0xff, 0xff, 0xb, 0xff, 0xfd, 0x0,
    0x0, 0x0, 0x6f, 0xff, 0xf0, 0xaf, 0xff, 0xf0,
    0x0, 0x0, 0x8, 0xff, 0xff, 0x7, 0xff, 0xff,
    0x50, 0x0, 0x0, 0xef, 0xff, 0xf0, 0x2f, 0xff,
    0xfe, 0x20, 0x0, 0x9f, 0xff, 0xff, 0x0, 0xbf,
    0xff, 0xff, 0xba, 0xdf, 0xff, 0xff, 0xf0, 0x2,
    0xff, 0xff, 0xff, 0xff, 0xf9, 0xff, 0xff, 0x0,
    0x3, 0xef, 0xff, 0xff, 0xf7, 0x5f, 0xff, 0xf0,
    0x0, 0x1, 0x7c, 0xff, 0xc4, 0x5, 0xff, 0xff,
    0x0, 0x0, 0x0, 0x0, 0x0, 0x0, 0x5f, 0xff,
    0xf0, 0x0, 0x0, 0x0, 0x0, 0x0, 0x5, 0xff,
    0xff, 0x0, 0x0, 0x0, 0x0, 0x0, 0x0, 0x5f,
    0xff, 0xf0, 0x0, 0x0, 0x0, 0x0, 0x0, 0x5,
    0xff, 0xff, 0x0, 0x0, 0x0, 0x0, 0x0, 0x0,
    0x5f, 0xff, 0xf0, 0x0, 0x0, 0x0, 0x0, 0x0,
    0x5, 0xff, 0xff, 0x0,

    /* U+0072 "r" */
    0x0, 0x0, 0x0, 0x0, 0x0, 0x2, 0xff, 0xff,
    0x21, 0x9e, 0xfa, 0x2f, 0xff, 0xf3, 0xdf, 0xff,
    0xa2, 0xff, 0xff, 0xaf, 0xff, 0xfa, 0x2f, 0xff,
    0xff, 0xff, 0xcc, 0x92, 0xff, 0xff, 0xf9, 0x0,
    0x0, 0x2f, 0xff, 0xfc, 0x0, 0x0, 0x2, 0xff,
    0xff, 0x60, 0x0, 0x0, 0x2f, 0xff, 0xf4, 0x0,
    0x0, 0x2, 0xff, 0xff, 0x40, 0x0, 0x0, 0x2f,
    0xff, 0xf4, 0x0, 0x0, 0x2, 0xff, 0xff, 0x40,
    0x0, 0x0, 0x2f, 0xff, 0xf4, 0x0, 0x0, 0x2,
    0xff, 0xff, 0x40, 0x0, 0x0, 0x2f, 0xff, 0xf4,
    0x0, 0x0, 0x2, 0xff, 0xff, 0x40, 0x0, 0x0,
    0x2f, 0xff, 0xf4, 0x0, 0x0, 0x2, 0xff, 0xff,
    0x40, 0x0, 0x0,

    /* U+0073 "s" */
    0x0, 0x3, 0x9d, 0xff, 0xfc, 0x82, 0x0, 0x0,
    0x9, 0xff, 0xff, 0xff, 0xff, 0xf7, 0x0, 0xa,
    0xff, 0xff, 0xff, 0xff, 0xff, 0xf6, 0x2, 0xff,
    0xff, 0xd6, 0x45, 0xdf, 0xff, 0xe0, 0x6f, 0xff,
    0xf1, 0x0, 0x0, 0xee, 0xb8, 0x16, 0xff, 0xff,
    0x20, 0x0, 0x0, 0x0, 0x0, 0x3f, 0xff, 0xff,
    0x84, 0x10, 0x0, 0x0, 0x0, 0xbf, 0xff, 0xff,
    0xff, 0xeb, 0x60, 0x0, 0x0, 0xaf, 0xff, 0xff,
    0xff, 0xff, 0xe4, 0x0, 0x0, 0x38, 0xcf, 0xff,
    0xff, 0xff, 0xf2, 0x0, 0x0, 0x0, 0x3, 0x7d,
    0xff, 0xff, 0x80, 0x14, 0x73, 0x0, 0x0, 0xe,
    0xff, 0xfa, 0xbf, 0xff, 0xc0, 0x0, 0x0, 0xef,
    0xff, 0x96, 0xff, 0xff, 0xd6, 0x56, 0xdf, 0xff,
    0xf4, 0xc, 0xff, 0xff, 0xff, 0xff, 0xff, 0xfa,
    0x0, 0x1b, 0xff, 0xff, 0xff, 0xff, 0xf9, 0x0,
    0x0, 0x4, 0x9d, 0xff, 0xec, 0x82, 0x0, 0x0,

    /* U+0074 "t" */
    0x0, 0x7f, 0xff, 0xf0, 0x0, 0x0, 0x7, 0xff,
    0xff, 0x0, 0x0, 0x0, 0x7f, 0xff, 0xf0, 0x0,
    0x0, 0x7, 0xff, 0xff, 0x0, 0x0, 0xbf, 0xff,
    0xff, 0xff, 0xff, 0xb, 0xff, 0xff, 0xff, 0xff,
    0xf0, 0xbf, 0xff, 0xff, 0xff, 0xff, 0x4, 0x7b,
    0xff, 0xff, 0x77, 0x70, 0x0, 0x7f, 0xff, 0xf0,
    0x0, 0x0, 0x7, 0xff, 0xff, 0x0, 0x0, 0x0,
    0x7f, 0xff, 0xf0, 0x0, 0x0, 0x7, 0xff, 0xff,
    0x0, 0x0, 0x0, 0x7f, 0xff, 0xf0, 0x0, 0x0,
    0x7, 0xff, 0xff, 0x0, 0x0, 0x0, 0x7f, 0xff,
    0xf0, 0x0, 0x0, 0x7, 0xff, 0xff, 0x0, 0x0,
    0x0, 0x6f, 0xff, 0xf1, 0x0, 0x0, 0x5, 0xff,
    0xff, 0xd9, 0xa0, 0x0, 0x1f, 0xff, 0xff, 0xff,
    0x10, 0x0, 0x6f, 0xff, 0xff, 0xf3, 0x0, 0x0,
    0x3b, 0xef, 0xfc, 0x40,

    /* U+0075 "u" */
    0x2f, 0xff, 0xf4, 0x0, 0x0, 0x9, 0xff, 0xfd,
    0x2f, 0xff, 0xf4, 0x0, 0x0, 0x9, 0xff, 0xfd,
    0x2f, 0xff, 0xf4, 0x0, 0x0, 0x9, 0xff, 0xfd,
    0x2f, 0xff, 0xf4, 0x0, 0x0, 0x9, 0xff, 0xfd,
    0x2f, 0xff, 0xf4, 0x0, 0x0, 0x9, 0xff, 0xfd,
    0x2f, 0xff, 0xf4, 0x0, 0x0, 0x9, 0xff, 0xfd,
    0x2f, 0xff, 0xf4, 0x0, 0x0, 0x9, 0xff, 0xfd,
    0x2f, 0xff, 0xf4, 0x0, 0x0, 0x9, 0xff, 0xfd,
    0x2f, 0xff, 0xf4, 0x0, 0x0, 0x9, 0xff, 0xfd,
    0x2f, 0xff, 0xf4, 0x0, 0x0, 0x9, 0xff, 0xfd,
    0x1f, 0xff, 0xf5, 0x0, 0x0, 0xb, 0xff, 0xfd,
    0x1f, 0xff, 0xf9, 0x0, 0x0, 0x1e, 0xff, 0xfd,
    0xe, 0xff, 0xff, 0x50, 0x1, 0xbf, 0xff, 0xfd,
    0xa, 0xff, 0xff, 0xfe, 0xdf, 0xfd, 0xff, 0xfd,
    0x2, 0xff, 0xff, 0xff, 0xff, 0xe7, 0xff, 0xfd,
    0x0, 0x6f, 0xff, 0xff, 0xff, 0x35, 0xff, 0xfd,
    0x0, 0x3, 0xae, 0xfd, 0x92, 0x5, 0xff, 0xfd,

    /* U+0076 "v" */
    0x5f, 0xff, 0xf4, 0x0, 0x0, 0x0, 0x3f, 0xff,
    0xf5, 0xf, 0xff, 0xf9, 0x0, 0x0, 0x0, 0x8f,
    0xff, 0xf0, 0xa, 0xff, 0xfe, 0x0, 0x0, 0x0,
    0xdf, 0xff, 0xa0, 0x4, 0xff, 0xff, 0x30, 0x0,
    0x2, 0xff, 0xff, 0x40, 0x0, 0xef, 0xff, 0x80,
    0x0, 0x7, 0xff, 0xfe, 0x0, 0x0, 0x9f, 0xff,
    0xd0, 0x0, 0xc, 0xff, 0xf9, 0x0, 0x0, 0x3f,
    0xff, 0xf2, 0x0, 0x1f, 0xff, 0xf3, 0x0, 0x0,
    0xe, 0xff, 0xf7, 0x0, 0x6f, 0xff, 0xd0, 0x0,
    0x0, 0x8, 0xff, 0xfc, 0x0, 0xbf, 0xff, 0x80,
    0x0, 0x0, 0x2, 0xff, 0xff, 0x10, 0xff, 0xff,
    0x20, 0x0, 0x0, 0x0, 0xdf, 0xff, 0x54, 0xff,
    0xfc, 0x0, 0x0, 0x0, 0x0, 0x7f, 0xff, 0x98,
    0xff, 0xf7, 0x0, 0x0, 0x0, 0x0, 0x1f, 0xff,
    0xdb, 0xff, 0xf1, 0x0, 0x0, 0x0, 0x0, 0xc,
    0xff, 0xff, 0xff, 0xb0, 0x0, 0x0, 0x0, 0x0,
    0x6, 0xff, 0xff, 0xff, 0x50, 0x0, 0x0, 0x0,
    0x0, 0x1, 0xff, 0xff, 0xff, 0x0, 0x0, 0x0,
    0x0, 0x0, 0x0, 0xbf, 0xff, 0xfa, 0x0, 0x0,
    0x0,

    /* U+0077 "w" */
    0x6f, 0xff, 0xf2, 0x0, 0x0, 0x6f, 0xff, 0xe0,
    0x0, 0x0, 0xbf, 0xff, 0xe0, 0x1f, 0xff, 0xf6,
    0x0, 0x0, 0x9f, 0xff, 0xf2, 0x0, 0x0, 0xff,
    0xff, 0x90, 0xd, 0xff, 0xfa, 0x0, 0x0, 0xdf,
    0xff, 0xf5, 0x0, 0x3, 0xff, 0xff, 0x50, 0x8,
    0xff, 0xfd, 0x0, 0x1, 0xff, 0xff, 0xf9, 0x0,
    0x6, 0xff, 0xff, 0x0, 0x4, 0xff, 0xff, 0x10,
    0x5, 0xff, 0xff, 0xfd, 0x0, 0xa, 0xff, 0xfc,
    0x0, 0x0, 0xff, 0xff, 0x40, 0x9, 0xff, 0xef,
    0xff, 0x10, 0xe, 0xff, 0xf7, 0x0, 0x0, 0xbf,
    0xff, 0x80, 0xc, 0xff, 0x8f, 0xff, 0x40, 0x1f,
    0xff, 0xf2, 0x0, 0x0, 0x6f, 0xff, 0xb0, 0xf,
    0xff, 0x4c, 0xff, 0x80, 0x5f, 0xff, 0xe0, 0x0,
    0x0, 0x2f, 0xff, 0xf0, 0x4f, 0xff, 0x9, 0xff,
    0xb0, 0x8f, 0xff, 0x90, 0x0, 0x0, 0xd, 0xff,
    0xf2, 0x7f, 0xfc, 0x5, 0xff, 0xf0, 0xbf, 0xff,
    0x50, 0x0, 0x0, 0x9, 0xff, 0xf5, 0xbf, 0xf8,
    0x1, 0xff, 0xf2, 0xef, 0xff, 0x0, 0x0, 0x0,
    0x4, 0xff, 0xf9, 0xef, 0xf4, 0x0, 0xcf, 0xf7,
    0xff, 0xfc, 0x0, 0x0, 0x0, 0x0, 0xff, 0xfd,
    0xff, 0xf0, 0x0, 0x8f, 0xfd, 0xff, 0xf7, 0x0,
    0x0, 0x0, 0x0, 0xbf, 0xff, 0xff, 0xb0, 0x0,
    0x4f, 0xff, 0xff, 0xf2, 0x0, 0x0, 0x0, 0x0,
    0x6f, 0xff, 0xff, 0x70, 0x0, 0xf, 0xff, 0xff,
    0xe0, 0x0, 0x0, 0x0, 0x0, 0x2f, 0xff, 0xff,
    0x20, 0x0, 0xb, 0xff, 0xff, 0x90, 0x0, 0x0,
    0x0, 0x0, 0xd, 0xff, 0xfe, 0x0, 0x0, 0x6,
    0xff, 0xff, 0x50, 0x0, 0x0,

    /* U+0078 "x" */
    0xc, 0xff, 0xfe, 0x0, 0x0, 0x6, 0xff, 0xff,
    0x30, 0x2f, 0xff, 0xf8, 0x0, 0x0, 0xef, 0xff,
    0xa0, 0x0, 0x9f, 0xff, 0xf1, 0x0, 0x8f, 0xff,
    0xf1, 0x0, 0x0, 0xef, 0xff, 0x90, 0x1f, 0xff,
    0xf6, 0x0, 0x0, 0x5, 0xff, 0xff, 0x19, 0xff,
    0xfc, 0x0, 0x0, 0x0, 0xc, 0xff, 0xf9, 0xff,
    0xff, 0x30, 0x0, 0x0, 0x0, 0x2f, 0xff, 0xff,
    0xff, 0x90, 0x0, 0x0, 0x0, 0x0, 0x9f, 0xff,
    0xff, 0xe1, 0x0, 0x0, 0x0, 0x0, 0x4, 0xff,
    0xff, 0xfa, 0x0, 0x0, 0x0, 0x0, 0x0, 0xdf,
    0xff, 0xff, 0xf3, 0x0, 0x0, 0x0, 0x0, 0x7f,
    0xff, 0xef, 0xff, 0xc0, 0x0, 0x0, 0x0, 0x1f,
    0xff, 0xf3, 0xef, 0xff, 0x60, 0x0, 0x0, 0xa,
    0xff, 0xfb, 0x6, 0xff, 0xff, 0x10, 0x0, 0x4,
    0xff, 0xff, 0x30, 0xe, 0xff, 0xfa, 0x0, 0x0,
    0xdf, 0xff, 0xb0, 0x0, 0x5f, 0xff, 0xf4, 0x0,
    0x7f, 0xff, 0xf2, 0x0, 0x0, 0xcf, 0xff, 0xd0,
    0x2f, 0xff, 0xf9, 0x0, 0x0, 0x3, 0xff, 0xff,
    0x70,

    /* U+0079 "y" */
    0x5f, 0xff, 0xf4, 0x0, 0x0, 0x0, 0x2f, 0xff,
    0xf6, 0xf, 0xff, 0xf9, 0x0, 0x0, 0x0, 0x8f,
    0xff, 0xf1, 0xa, 0xff, 0xfe, 0x0, 0x0, 0x0,
    0xdf, 0xff, 0xa0, 0x4, 0xff, 0xff, 0x30, 0x0,
    0x2, 0xff, 0xff, 0x40, 0x0, 0xef, 0xff, 0x80,
    0x0, 0x8, 0xff, 0xfe, 0x0, 0x0, 0x8f, 0xff,
    0xd0, 0x0, 0xd, 0xff, 0xf8, 0x0, 0x0, 0x2f,
    0xff, 0xf3, 0x0, 0x2f, 0xff, 0xf2, 0x0, 0x0,
    0xc, 0xff, 0xf8, 0x0, 0x8f, 0xff, 0xc0, 0x0,
    0x0, 0x6, 0xff, 0xfd, 0x0, 0xdf, 0xff, 0x60,
    0x0, 0x0, 0x1, 0xff, 0xff, 0x12, 0xff, 0xff,
    0x10, 0x0, 0x0, 0x0, 0xaf, 0xff, 0x57, 0xff,
    0xfa, 0x0, 0x0, 0x0, 0x0, 0x4f, 0xff, 0x9b,
    0xff, 0xf4, 0x0, 0x0, 0x0, 0x0, 0xe, 0xff,
    0xdf, 0xff, 0xe0, 0x0, 0x0, 0x0, 0x0, 0x9,
    0xff, 0xff, 0xff, 0x80, 0x0, 0x0, 0x0, 0x0,
    0x3, 0xff, 0xff, 0xff, 0x20, 0x0, 0x0, 0x0,
    0x0, 0x0, 0xdf, 0xff, 0xfc, 0x0, 0x0, 0x0,
    0x0, 0x0, 0x0, 0x7f, 0xff, 0xf6, 0x0, 0x0,
    0x0, 0x0, 0x0, 0x0, 0x8f, 0xff, 0xf1, 0x0,
    0x0, 0x0, 0x0, 0x0, 0x0, 0xdf, 0xff, 0xa0,
    0x0, 0x0, 0x0, 0x0, 0x4a, 0x8c, 0xff, 0xff,
    0x30, 0x0, 0x0, 0x0, 0x0, 0xaf, 0xff, 0xff,
    0xf9, 0x0, 0x0, 0x0, 0x0, 0x0, 0xef, 0xff,
    0xff, 0xb0, 0x0, 0x0, 0x0, 0x0, 0x1, 0xce,
    0xff, 0xc6, 0x0, 0x0, 0x0, 0x0, 0x0,

    /* U+007A "z" */
    0xf, 0xff, 0xff, 0xff, 0xff, 0xff, 0xff, 0x20,
    0xff, 0xff, 0xff, 0xff, 0xff, 0xff, 0xf2, 0xf,
    0xff, 0xff, 0xff, 0xff, 0xff, 0xff, 0x20, 0xbb,
    0xbb, 0xbb, 0xbc, 0xff, 0xff, 0xc0, 0x0, 0x0,
    0x0, 0x0, 0xcf, 0xff, 0xe1, 0x0, 0x0, 0x0,
    0x0, 0x8f, 0xff, 0xf4, 0x0, 0x0, 0x0, 0x0,
    0x4f, 0xff, 0xf8, 0x0, 0x0, 0x0, 0x0, 0x2e,
    0xff, 0xfc, 0x0, 0x0, 0x0, 0x0, 0xc, 0xff,
    0xff, 0x20, 0x0, 0x0, 0x0, 0x9, 0xff, 0xff,
    0x50, 0x0, 0x0, 0x0, 0x5, 0xff, 0xff, 0x90,
    0x0, 0x0, 0x0, 0x2, 0xff, 0xff, 0xd0, 0x0,
    0x0, 0x0, 0x0, 0xdf, 0xff, 0xf2, 0x0, 0x0,
    0x0, 0x0, 0xaf, 0xff, 0xfe, 0xbb, 0xbb, 0xbb,
    0xb4, 0x3f, 0xff, 0xff, 0xff, 0xff, 0xff, 0xff,
    0x63, 0xff, 0xff, 0xff, 0xff, 0xff, 0xff, 0xf6,
    0x3f, 0xff, 0xff, 0xff, 0xff, 0xff, 0xff, 0x60,

    /* U+007B "{" */
    0x0, 0x0, 0x1, 0x7b, 0xef, 0x90, 0x0, 0x3,
    0xef, 0xff, 0xf9, 0x0, 0x0, 0xdf, 0xff, 0xff,
    0x90, 0x0, 0x5f, 0xff, 0xfd, 0x83, 0x0, 0x8,
    0xff, 0xfd, 0x0, 0x0, 0x0, 0xaf, 0xff, 0x80,
    0x0, 0x0, 0xa, 0xff, 0xf6, 0x0, 0x0, 0x0,
    0xbf, 0xff, 0x60, 0x0, 0x0, 0xb, 0xff, 0xf6,
    0x0, 0x0, 0x0, 0xcf, 0xff, 0x60, 0x0, 0x0,
    0xe, 0xff, 0xf5, 0x0, 0x0, 0x2a, 0xff, 0xff,
    0x10, 0x0, 0xff, 0xff, 0xff, 0x70, 0x0, 0xf,
    0xff, 0xfb, 0x40, 0x0, 0x0, 0xff, 0xff, 0x82,
    0x0, 0x0, 0xf, 0xff, 0xff, 0xf5, 0x0, 0x0,
    0x25, 0xcf, 0xff, 0xf1, 0x0, 0x0, 0x1, 0xff,
    0xff, 0x50, 0x0, 0x0, 0xc, 0xff, 0xf6, 0x0,
    0x0, 0x0, 0xbf, 0xff, 0x60, 0x0, 0x0, 0xb,
    0xff, 0xf6, 0x0, 0x0, 0x0, 0xaf, 0xff, 0x60,
    0x0, 0x0, 0xa, 0xff, 0xf8, 0x0, 0x0, 0x0,
    0x9f, 0xff, 0xd0, 0x0, 0x0, 0x5, 0xff, 0xff,
    0xc7, 0x30, 0x0, 0xe, 0xff, 0xff, 0xf9, 0x0,
    0x0, 0x3e, 0xff, 0xff, 0x90, 0x0, 0x0, 0x17,
    0xbe, 0xf9,

    /* U+007C "|" */
    0x6c, 0xcc, 0x88, 0xff, 0xfa, 0x8f, 0xff, 0xa8,
    0xff, 0xfa, 0x8f, 0xff, 0xa8, 0xff, 0xfa, 0x8f,
    0xff, 0xa8, 0xff, 0xfa, 0x8f, 0xff, 0xa8, 0xff,
    0xfa, 0x8f, 0xff, 0xa8, 0xff, 0xfa, 0x8f, 0xff,
    0xa8, 0xff, 0xfa, 0x8f, 0xff, 0xa8, 0xff, 0xfa,
    0x8f, 0xff, 0xa8, 0xff, 0xfa, 0x8f, 0xff, 0xa8,
    0xff, 0xfa, 0x8f, 0xff, 0xa8, 0xff, 0xfa, 0x8f,
    0xff, 0xa8, 0xff, 0xfa, 0x8f, 0xff, 0xa8, 0xff,
    0xfa, 0x8f, 0xff, 0xa8, 0xff, 0xfa, 0x8f, 0xff,
    0xa8, 0xff, 0xfa, 0x8f, 0xff, 0xa8, 0xff, 0xfa,
    0x8f, 0xff, 0xa8, 0xff, 0xfa, 0x8f, 0xff, 0xa8,
    0xff, 0xfa, 0x8f, 0xff, 0xa0,

    /* U+007D "}" */
    0x7f, 0xec, 0x71, 0x0, 0x0, 0x0, 0x8f, 0xff,
    0xff, 0x30, 0x0, 0x0, 0x8f, 0xff, 0xff, 0xe0,
    0x0, 0x0, 0x37, 0xcf, 0xff, 0xf6, 0x0, 0x0,
    0x0, 0xc, 0xff, 0xf9, 0x0, 0x0, 0x0, 0x7,
    0xff, 0xfb, 0x0, 0x0, 0x0, 0x5, 0xff, 0xfb,
    0x0, 0x0, 0x0, 0x5, 0xff, 0xfc, 0x0, 0x0,
    0x0, 0x5, 0xff, 0xfc, 0x0, 0x0, 0x0, 0x4,
    0xff, 0xfd, 0x0, 0x0, 0x0, 0x4, 0xff, 0xff,
    0x10, 0x0, 0x0, 0x0, 0xff, 0xff, 0xc3, 0x0,
    0x0, 0x0, 0x6f, 0xff, 0xff, 0xf0, 0x0, 0x0,
    0x3, 0xaf, 0xff, 0xf0, 0x0, 0x0, 0x2, 0x9f,
    0xff, 0xf0, 0x0, 0x0, 0x5f, 0xff, 0xff, 0xf0,
    0x0, 0x0, 0xef, 0xff, 0xc4, 0x10, 0x0, 0x3,
    0xff, 0xff, 0x20, 0x0, 0x0, 0x4, 0xff, 0xfd,
    0x0, 0x0, 0x0, 0x5, 0xff, 0xfc, 0x0, 0x0,
    0x0, 0x5, 0xff, 0xfc, 0x0, 0x0, 0x0, 0x5,
    0xff, 0xfb, 0x0, 0x0, 0x0, 0x7, 0xff, 0xfb,
    0x0, 0x0, 0x0, 0xc, 0xff, 0xf9, 0x0, 0x0,
    0x37, 0xcf, 0xff, 0xf6, 0x0, 0x0, 0x8f, 0xff,
    0xff, 0xe1, 0x0, 0x0, 0x8f, 0xff, 0xff, 0x40,
    0x0, 0x0, 0x7f, 0xec, 0x71, 0x0, 0x0, 0x0,

    /* U+007E "~" */
    0x0, 0x18, 0xbb, 0x70, 0x0, 0x0, 0x14, 0x44,
    0x0, 0x3f, 0xff, 0xff, 0xe3, 0x0, 0x6, 0xff,
    0xf0, 0xe, 0xff, 0xff, 0xff, 0xf6, 0x0, 0xcf,
    0xff, 0x5, 0xff, 0xff, 0xff, 0xff, 0xfd, 0xef,
    0xff, 0xc0, 0x9f, 0xff, 0x60, 0x6f, 0xff, 0xff,
    0xff, 0xf6, 0xa, 0xff, 0xd0, 0x0, 0x3e, 0xff,
    0xff, 0xfb, 0x0, 0x58, 0x85, 0x0, 0x0, 0x18,
    0xdf, 0xd7, 0x0, 0x0,

    /* U+00B0 "°" */
    0x0, 0x5, 0xcf, 0xeb, 0x30, 0x0, 0x0, 0x9f,
    0xff, 0xff, 0xf6, 0x0, 0x6, 0xff, 0xff, 0xff,
    0xff, 0x30, 0xe, 0xff, 0xa2, 0x3c, 0xff, 0xb0,
    0x3f, 0xfe, 0x0, 0x1, 0xff, 0xf0, 0x4f, 0xfb,
    0x0, 0x0, 0xef, 0xf1, 0x3f, 0xfd, 0x0, 0x1,
    0xff, 0xf0, 0xe, 0xff, 0x91, 0x2c, 0xff, 0xb0,
    0x6, 0xff, 0xff, 0xff, 0xff, 0x30, 0x0, 0x9f,
    0xff, 0xff, 0xf6, 0x0, 0x0, 0x5, 0xcf, 0xeb,
    0x30, 0x0,

    /* U+00B7 "·" */
    0x0, 0x11, 0x0, 0x9, 0xff, 0x90, 0x5f, 0xff,
    0xf5, 0x7f, 0xff, 0xf7, 0x4f, 0xff, 0xf4, 0x7,
    0xee, 0x70,

    /* U+2013 "–" */
    0x99, 0x99, 0x99, 0x99, 0x99, 0x99, 0x99, 0x9f,
    0xff, 0xff, 0xff, 0xff, 0xff, 0xff, 0xff, 0xff,
    0xff, 0xff, 0xff, 0xff, 0xff, 0xff, 0xff, 0xff,
    0xff, 0xff, 0xff, 0xff, 0xff, 0xff,

    /* U+2014 "—" */
    0x99, 0x99, 0x99, 0x99, 0x99, 0x99, 0x99, 0x99,
    0x99, 0x99, 0x99, 0x99, 0x99, 0x99, 0x99, 0xff,
    0xff, 0xff, 0xff, 0xff, 0xff, 0xff, 0xff, 0xff,
    0xff, 0xff, 0xff, 0xff, 0xff, 0xff, 0xff, 0xff,
    0xff, 0xff, 0xff, 0xff, 0xff, 0xff, 0xff, 0xff,
    0xff, 0xff, 0xff, 0xff, 0xff, 0xff, 0xff, 0xff,
    0xff, 0xff, 0xff, 0xff, 0xff, 0xff, 0xff, 0xff,
    0xff, 0xff, 0xff, 0xff,

    /* U+2019 "’" */
    0x1, 0x55, 0x55, 0x0, 0x6f, 0xff, 0xd0, 0x8,
    0xff, 0xf9, 0x0, 0xaf, 0xff, 0x40, 0xd, 0xff,
    0xf0, 0x0, 0xff, 0xfb, 0x0, 0x1f, 0xff, 0x60,
    0x3, 0xff, 0xf2, 0x0, 0x5f, 0xfd, 0x0, 0x8,
    0xff, 0x80, 0x0,

    /* U+2022 "•" */
    0x0, 0x4, 0x89, 0x50, 0x0, 0x1, 0xcf, 0xff,
    0xfd, 0x20, 0xb, 0xff, 0xff, 0xff, 0xe1, 0x4f,
    0xff, 0xff, 0xff, 0xf7, 0x7f, 0xff, 0xff, 0xff,
    0xfb, 0x8f, 0xff, 0xff, 0xff, 0xfc, 0x6f, 0xff,
    0xff, 0xff, 0xf9, 0xe, 0xff, 0xff, 0xff, 0xf3,
    0x4, 0xff, 0xff, 0xff, 0x70, 0x0, 0x2a, 0xef,
    0xc4, 0x0,

    /* U+2026 "…" */
    0x0, 0x1, 0x0, 0x0, 0x0, 0x0, 0x1, 0x0,
    0x0, 0x0, 0x0, 0x1, 0x0, 0x9, 0xff, 0x90,
    0x0, 0x0, 0x9, 0xff, 0x90, 0x0, 0x0, 0x8,
    0xff, 0xa0, 0x5f, 0xff, 0xf5, 0x0, 0x0, 0x4f,
    0xff, 0xf5, 0x0, 0x0, 0x4f, 0xff, 0xf5, 0x7f,
    0xff, 0xf7, 0x0, 0x0, 0x7f, 0xff, 0xf8, 0x0,
    0x0, 0x7f, 0xff, 0xf8, 0x4f, 0xff, 0xf4, 0x0,
    0x0, 0x3f, 0xff, 0xf4, 0x0, 0x0, 0x3f, 0xff,
    0xf4, 0x7, 0xee, 0x70, 0x0, 0x0, 0x6, 0xee,
    0x70, 0x0, 0x0, 0x6, 0xee, 0x70,

    /* U+2191 "↑" */
    0x0, 0x0, 0x0, 0x0, 0x0, 0x0, 0x0, 0x0,
    0x0, 0x0, 0x0, 0x0, 0x0, 0x0, 0x0, 0x2,
    0xe6, 0x0, 0x0, 0x0, 0x0, 0x0, 0x0, 0x0,
    0x0, 0x0, 0x2e, 0xff, 0x60, 0x0, 0x0, 0x0,
    0x0, 0x0, 0x0, 0x0, 0x2, 0xef, 0xff, 0xf6,
    0x0, 0x0, 0x0, 0x0, 0x0, 0x0, 0x0, 0x2e,
    0xff, 0xff, 0xff, 0x60, 0x0, 0x0, 0x0, 0x0,
    0x0, 0x2, 0xef, 0xff, 0xff, 0xff, 0xf6, 0x0,
    0x0, 0x0, 0x0, 0x0, 0x2e, 0xff, 0xed, 0xff,
    0xcf, 0xff, 0x60, 0x0, 0x0, 0x0, 0x2, 0xef,
    0xff, 0x4e, 0xff, 0x4e, 0xff, 0xf6, 0x0, 0x0,
    0x0, 0x2e, 0xff, 0xf8, 0xf, 0xff, 0x53, 0xff,
    0xff, 0x60, 0x0, 0x2, 0xef, 0xff, 0xa0, 0xf,
    0xff, 0x60, 0x5f, 0xff, 0xf6, 0x0, 0x2e, 0xff,
    0xfb, 0x0, 0x1f, 0xff, 0x70, 0x6, 0xff, 0xff,
    0x60, 0xbf, 0xff, 0xb0, 0x0, 0x1f, 0xff, 0x70,
    0x0, 0x6f, 0xff, 0xf1, 0xc, 0xfb, 0x0, 0x0,
    0x1f, 0xff, 0x70, 0x0, 0x6, 0xff, 0x30, 0x0,
    0x80, 0x0, 0x0, 0x1f, 0xff, 0x70, 0x0, 0x0,
    0x63, 0x0, 0x0, 0x0, 0x0, 0x0, 0x1f, 0xff,
    0x70, 0x0, 0x0, 0x0, 0x0, 0x0, 0x0, 0x0,
    0x0, 0x1f, 0xff, 0x70, 0x0, 0x0, 0x0, 0x0,
    0x0, 0x0, 0x0, 0x0, 0x1f, 0xff, 0x70, 0x0,
    0x0, 0x0, 0x0, 0x0, 0x0, 0x0, 0x0, 0x1f,
    0xff, 0x70, 0x0, 0x0, 0x0, 0x0, 0x0, 0x0,
    0x0, 0x0, 0x1f, 0xff, 0x70, 0x0, 0x0, 0x0,
    0x0, 0x0, 0x0, 0x0, 0x0, 0x1f, 0xff, 0x70,
    0x0, 0x0, 0x0, 0x0, 0x0, 0x0, 0x0, 0x0,
    0x1f, 0xff, 0x70, 0x0, 0x0, 0x0, 0x0, 0x0,
    0x0, 0x0, 0x0, 0x1f, 0xff, 0x70, 0x0, 0x0,
    0x0, 0x0, 0x0, 0x0, 0x0, 0x0, 0x1f, 0xff,
    0x70, 0x0, 0x0, 0x0, 0x0,

    /* U+2192 "→" */
    0x0, 0x0, 0x0, 0x0, 0x0, 0x0, 0x10, 0x0,
    0x0, 0x0, 0x0, 0x0, 0x0, 0x0, 0x0, 0x0,
    0x0, 0xcc, 0x10, 0x0, 0x0, 0x0, 0x0, 0x0,
    0x0, 0x0, 0x0, 0x0, 0xcf, 0xfc, 0x10, 0x0,
    0x0, 0x0, 0x0, 0x0, 0x0, 0x0, 0x0, 0x1d,
    0xff, 0xfc, 0x10, 0x0, 0x0, 0x0, 0x0, 0x0,
    0x0, 0x0, 0x0, 0x1d, 0xff, 0xfc, 0x10, 0x0,
    0x0, 0x0, 0x0, 0x0, 0x0, 0x0, 0x0, 0x1d,
    0xff, 0xfc, 0x10, 0x0, 0x0, 0x0, 0x0, 0x0,
    0x0, 0x0, 0x0, 0x1d, 0xff, 0xfc, 0x10, 0x0,
    0x0, 0x0, 0x0, 0x0, 0x0, 0x0, 0x0, 0x1c,
    0xff, 0xfc, 0x10, 0x0, 0x0, 0x0, 0x0, 0x0,
    0x0, 0x0, 0x0, 0x9, 0xff, 0xfc, 0x10, 0x1,
    0x77, 0x77, 0x77, 0x77, 0x77, 0x77, 0x76, 0x48,
    0xff, 0xfc, 0x10, 0x4f, 0xff, 0xff, 0xff, 0xff,
    0xff, 0xff, 0xff, 0xff, 0xff, 0xfc, 0x14, 0xff,
    0xff, 0xff, 0xff, 0xff, 0xff, 0xff, 0xff, 0xff,
    0xff, 0xf6, 0x4f, 0xff, 0xff, 0xff, 0xff, 0xff,
    0xff, 0xfe, 0xcf, 0xff, 0xf7, 0x0, 0x0, 0x0,
    0x0, 0x0, 0x0, 0x0, 0x0, 0x1c, 0xff, 0xf7,
    0x0, 0x0, 0x0, 0x0, 0x0, 0x0, 0x0, 0x0,
    0x3e, 0xff, 0xf7, 0x0, 0x0, 0x0, 0x0, 0x0,
    0x0, 0x0, 0x0, 0x5f, 0xff, 0xf7, 0x0, 0x0,
    0x0, 0x0, 0x0, 0x0, 0x0, 0x0, 0x5f, 0xff,
    0xf7, 0x0, 0x0, 0x0, 0x0, 0x0, 0x0, 0x0,
    0x0, 0x5f, 0xff, 0xf7, 0x0, 0x0, 0x0, 0x0,
    0x0, 0x0, 0x0, 0x0, 0x5f, 0xff, 0xf7, 0x0,
    0x0, 0x0, 0x0, 0x0, 0x0, 0x0, 0x0, 0x2f,
    0xff, 0xf7, 0x0, 0x0, 0x0, 0x0, 0x0, 0x0,
    0x0, 0x0, 0x0, 0x6f, 0xf7, 0x0, 0x0, 0x0,
    0x0, 0x0, 0x0, 0x0, 0x0, 0x0, 0x0, 0x67,
    0x0, 0x0, 0x0, 0x0, 0x0,

    /* U+2193 "↓" */
    0x0, 0x0, 0x0, 0x0, 0x1d, 0xdd, 0x50, 0x0,
    0x0, 0x0, 0x0, 0x0, 0x0, 0x0, 0x0, 0x1f,
    0xff, 0x70, 0x0, 0x0, 0x0, 0x0, 0x0, 0x0,
    0x0, 0x0, 0x1f, 0xff, 0x70, 0x0, 0x0, 0x0,
    0x0, 0x0, 0x0, 0x0, 0x0, 0x1f, 0xff, 0x70,
    0x0, 0x0, 0x0, 0x0, 0x0, 0x0, 0x0, 0x0,
    0x1f, 0xff, 0x70, 0x0, 0x0, 0x0, 0x0, 0x0,
    0x0, 0x0, 0x0, 0x1f, 0xff, 0x70, 0x0, 0x0,
    0x0, 0x0, 0x0, 0x0, 0x0, 0x0, 0x1f, 0xff,
    0x70, 0x0, 0x0, 0x0, 0x0, 0x0, 0x0, 0x0,
    0x0, 0x1f, 0xff, 0x70, 0x0, 0x0, 0x0, 0x0,
    0x0, 0x0, 0x0, 0x0, 0x1f, 0xff, 0x70, 0x0,
    0x0, 0x0, 0x0, 0x0, 0x50, 0x0, 0x0, 0x1f,
    0xff, 0x70, 0x0, 0x0, 0x41, 0x0, 0xa, 0xf9,
    0x0, 0x0, 0x1f, 0xff, 0x70, 0x0, 0x4, 0xfd,
    0x10, 0x9f, 0xff, 0x90, 0x0, 0x1f, 0xff, 0x70,
    0x0, 0x4f, 0xff, 0xd1, 0x4f, 0xff, 0xf9, 0x0,
    0x1f, 0xff, 0x70, 0x4, 0xff, 0xff, 0x90, 0x4,
    0xff, 0xff, 0x80, 0x1f, 0xff, 0x60, 0x3f, 0xff,
    0xf9, 0x0, 0x0, 0x4f, 0xff, 0xf5, 0xf, 0xff,
    0x51, 0xef, 0xff, 0x90, 0x0, 0x0, 0x4, 0xff,
    0xff, 0x3e, 0xff, 0x4c, 0xff, 0xf9, 0x0, 0x0,
    0x0, 0x0, 0x4f, 0xff, 0xdd, 0xff, 0xaf, 0xff,
    0x90, 0x0, 0x0, 0x0, 0x0, 0x4, 0xff, 0xff,
    0xff, 0xff, 0xf9, 0x0, 0x0, 0x0, 0x0, 0x0,
    0x0, 0x4f, 0xff, 0xff, 0xff, 0x90, 0x0, 0x0,
    0x0, 0x0, 0x0, 0x0, 0x4, 0xff, 0xff, 0xf9,
    0x0, 0x0, 0x0, 0x0, 0x0, 0x0, 0x0, 0x0,
    0x4f, 0xff, 0x90, 0x0, 0x0, 0x0, 0x0, 0x0,
    0x0, 0x0, 0x0, 0x4, 0xf9, 0x0, 0x0, 0x0,
    0x0, 0x0, 0x0, 0x0, 0x0, 0x0, 0x0, 0x20,
    0x0, 0x0, 0x0, 0x0, 0x0
};


/*---------------------
 *  GLYPH DESCRIPTION
 *--------------------*/

static const lv_font_fmt_txt_glyph_dsc_t glyph_dsc[] = {
    {.bitmap_index = 0, .adv_w = 0, .box_w = 0, .box_h = 0, .ofs_x = 0, .ofs_y = 0} /* id = 0 reserved */,
    {.bitmap_index = 0, .adv_w = 114, .box_w = 0, .box_h = 0, .ofs_x = 0, .ofs_y = 0},
    {.bitmap_index = 0, .adv_w = 162, .box_w = 6, .box_h = 22, .ofs_x = 2, .ofs_y = 0},
    {.bitmap_index = 66, .adv_w = 265, .box_w = 12, .box_h = 10, .ofs_x = 2, .ofs_y = 12},
    {.bitmap_index = 126, .adv_w = 311, .box_w = 20, .box_h = 22, .ofs_x = 0, .ofs_y = 0},
    {.bitmap_index = 346, .adv_w = 314, .box_w = 18, .box_h = 29, .ofs_x = 1, .ofs_y = -3},
    {.bitmap_index = 607, .adv_w = 488, .box_w = 26, .box_h = 22, .ofs_x = 2, .ofs_y = 0},
    {.bitmap_index = 893, .adv_w = 323, .box_w = 20, .box_h = 22, .ofs_x = 1, .ofs_y = 0},
    {.bitmap_index = 1113, .adv_w = 163, .box_w = 6, .box_h = 10, .ofs_x = 2, .ofs_y = 12},
    {.bitmap_index = 1143, .adv_w = 181, .box_w = 9, .box_h = 28, .ofs_x = 2, .ofs_y = -4},
    {.bitmap_index = 1269, .adv_w = 181, .box_w = 9, .box_h = 28, .ofs_x = 0, .ofs_y = -4},
    {.bitmap_index = 1395, .adv_w = 268, .box_w = 13, .box_h = 13, .ofs_x = 2, .ofs_y = 9},
    {.bitmap_index = 1480, .adv_w = 326, .box_w = 16, .box_h = 16, .ofs_x = 2, .ofs_y = 1},
    {.bitmap_index = 1608, .adv_w = 160, .box_w = 7, .box_h = 10, .ofs_x = 1, .ofs_y = -6},
    {.bitmap_index = 1643, .adv_w = 225, .box_w = 10, .box_h = 4, .ofs_x = 2, .ofs_y = 7},
    {.bitmap_index = 1663, .adv_w = 160, .box_w = 6, .box_h = 6, .ofs_x = 2, .ofs_y = 0},
    {.bitmap_index = 1681, .adv_w = 186, .box_w = 12, .box_h = 27, .ofs_x = 0, .ofs_y = -3},
    {.bitmap_index = 1843, .adv_w = 324, .box_w = 18, .box_h = 22, .ofs_x = 1, .ofs_y = 0},
    {.bitmap_index = 2041, .adv_w = 207, .box_w = 10, .box_h = 22, .ofs_x = 1, .ofs_y = 0},
    {.bitmap_index = 2151, .adv_w = 302, .box_w = 17, .box_h = 22, .ofs_x = 1, .ofs_y = 0},
    {.bitmap_index = 2338, .adv_w = 310, .box_w = 17, .box_h = 22, .ofs_x = 1, .ofs_y = 0},
    {.bitmap_index = 2525, .adv_w = 325, .box_w = 18, .box_h = 22, .ofs_x = 1, .ofs_y = 0},
    {.bitmap_index = 2723, .adv_w = 299, .box_w = 17, .box_h = 22, .ofs_x = 1, .ofs_y = 0},
    {.bitmap_index = 2910, .adv_w = 312, .box_w = 18, .box_h = 22, .ofs_x = 1, .ofs_y = 0},
    {.bitmap_index = 3108, .adv_w = 279, .box_w = 16, .box_h = 22, .ofs_x = 1, .ofs_y = 0},
    {.bitmap_index = 3284, .adv_w = 312, .box_w = 18, .box_h = 22, .ofs_x = 1, .ofs_y = 0},
    {.bitmap_index = 3482, .adv_w = 312, .box_w = 18, .box_h = 22, .ofs_x = 1, .ofs_y = 0},
    {.bitmap_index = 3680, .adv_w = 160, .box_w = 6, .box_h = 17, .ofs_x = 2, .ofs_y = 0},
    {.bitmap_index = 3731, .adv_w = 165, .box_w = 7, .box_h = 22, .ofs_x = 1, .ofs_y = -6},
    {.bitmap_index = 3808, .adv_w = 326, .box_w = 16, .box_h = 18, .ofs_x = 2, .ofs_y = 0},
    {.bitmap_index = 3952, .adv_w = 326, .box_w = 16, .box_h = 11, .ofs_x = 2, .ofs_y = 3},
    {.bitmap_index = 4040, .adv_w = 326, .box_w = 15, .box_h = 18, .ofs_x = 3, .ofs_y = 0},
    {.bitmap_index = 4175, .adv_w = 269, .box_w = 15, .box_h = 22, .ofs_x = 1, .ofs_y = 0},
    {.bitmap_index = 4340, .adv_w = 488, .box_w = 29, .box_h = 28, .ofs_x = 1, .ofs_y = -6},
    {.bitmap_index = 4746, .adv_w = 358, .box_w = 22, .box_h = 22, .ofs_x = 0, .ofs_y = 0},
    {.bitmap_index = 4988, .adv_w = 318, .box_w = 18, .box_h = 22, .ofs_x = 1, .ofs_y = 0},
    {.bitmap_index = 5186, .adv_w = 355, .box_w = 20, .box_h = 22, .ofs_x = 1, .ofs_y = 0},
    {.bitmap_index = 5406, .adv_w = 347, .box_w = 20, .box_h = 22, .ofs_x = 1, .ofs_y = 0},
    {.bitmap_index = 5626, .adv_w = 292, .box_w = 16, .box_h = 22, .ofs_x = 1, .ofs_y = 0},
    {.bitmap_index = 5802, .adv_w = 282, .box_w = 16, .box_h = 22, .ofs_x = 1, .ofs_y = 0},
    {.bitmap_index = 5978, .adv_w = 360, .box_w = 21, .box_h = 22, .ofs_x = 1, .ofs_y = 0},
    {.bitmap_index = 6209, .adv_w = 359, .box_w = 20, .box_h = 22, .ofs_x = 1, .ofs_y = 0},
    {.bitmap_index = 6429, .adv_w = 135, .box_w = 6, .box_h = 22, .ofs_x = 1, .ofs_y = 0},
    {.bitmap_index = 6495, .adv_w = 281, .box_w = 15, .box_h = 22, .ofs_x = 1, .ofs_y = 0},
    {.bitmap_index = 6660, .adv_w = 345, .box_w = 20, .box_h = 22, .ofs_x = 1, .ofs_y = 0},
    {.bitmap_index = 6880, .adv_w = 271, .box_w = 15, .box_h = 22, .ofs_x = 1, .ofs_y = 0},
    {.bitmap_index = 7045, .adv_w = 447, .box_w = 25, .box_h = 22, .ofs_x = 1, .ofs_y = 0},
    {.bitmap_index = 7320, .adv_w = 366, .box_w = 20, .box_h = 22, .ofs_x = 1, .ofs_y = 0},
    {.bitmap_index = 7540, .adv_w = 370, .box_w = 21, .box_h = 22, .ofs_x = 1, .ofs_y = 0},
    {.bitmap_index = 7771, .adv_w = 311, .box_w = 18, .box_h = 22, .ofs_x = 1, .ofs_y = 0},
    {.bitmap_index = 7969, .adv_w = 373, .box_w = 21, .box_h = 24, .ofs_x = 1, .ofs_y = -2},
    {.bitmap_index = 8221, .adv_w = 315, .box_w = 19, .box_h = 22, .ofs_x = 1, .ofs_y = 0},
    {.bitmap_index = 8430, .adv_w = 314, .box_w = 18, .box_h = 22, .ofs_x = 1, .ofs_y = 0},
    {.bitmap_index = 8628, .adv_w = 320, .box_w = 18, .box_h = 22, .ofs_x = 1, .ofs_y = 0},
    {.bitmap_index = 8826, .adv_w = 351, .box_w = 19, .box_h = 22, .ofs_x = 1, .ofs_y = 0},
    {.bitmap_index = 9035, .adv_w = 358, .box_w = 22, .box_h = 22, .ofs_x = 0, .ofs_y = 0},
    {.bitmap_index = 9277, .adv_w = 498, .box_w = 31, .box_h = 22, .ofs_x = 0, .ofs_y = 0},
    {.bitmap_index = 9618, .adv_w = 354, .box_w = 22, .box_h = 22, .ofs_x = 0, .ofs_y = 0},
    {.bitmap_index = 9860, .adv_w = 351, .box_w = 22, .box_h = 22, .ofs_x = 0, .ofs_y = 0},
    {.bitmap_index = 10102, .adv_w = 319, .box_w = 18, .box_h = 22, .ofs_x = 1, .ofs_y = 0},
    {.bitmap_index = 10300, .adv_w = 181, .box_w = 8, .box_h = 28, .ofs_x = 2, .ofs_y = -4},
    {.bitmap_index = 10412, .adv_w = 186, .box_w = 12, .box_h = 27, .ofs_x = 0, .ofs_y = -3},
    {.bitmap_index = 10574, .adv_w = 181, .box_w = 8, .box_h = 28, .ofs_x = 1, .ofs_y = -4},
    {.bitmap_index = 10686, .adv_w = 234, .box_w = 13, .box_h = 10, .ofs_x = 1, .ofs_y = 12},
    {.bitmap_index = 10751, .adv_w = 229, .box_w = 15, .box_h = 4, .ofs_x = 0, .ofs_y = -3},
    {.bitmap_index = 10781, .adv_w = 175, .box_w = 7, .box_h = 5, .ofs_x = 2, .ofs_y = 19},
    {.bitmap_index = 10799, .adv_w = 279, .box_w = 15, .box_h = 17, .ofs_x = 1, .ofs_y = 0},
    {.bitmap_index = 10927, .adv_w = 303, .box_w = 17, .box_h = 22, .ofs_x = 1, .ofs_y = 0},
    {.bitmap_index = 11114, .adv_w = 282, .box_w = 16, .box_h = 17, .ofs_x = 1, .ofs_y = 0},
    {.bitmap_index = 11250, .adv_w = 303, .box_w = 17, .box_h = 22, .ofs_x = 1, .ofs_y = 0},
    {.bitmap_index = 11437, .adv_w = 286, .box_w = 16, .box_h = 17, .ofs_x = 1, .ofs_y = 0},
    {.bitmap_index = 11573, .adv_w = 191, .box_w = 12, .box_h = 24, .ofs_x = 0, .ofs_y = 0},
    {.bitmap_index = 11717, .adv_w = 303, .box_w = 17, .box_h = 23, .ofs_x = 1, .ofs_y = -6},
    {.bitmap_index = 11913, .adv_w = 299, .box_w = 16, .box_h = 22, .ofs_x = 1, .ofs_y = 0},
    {.bitmap_index = 12089, .adv_w = 130, .box_w = 6, .box_h = 24, .ofs_x = 1, .ofs_y = 0},
    {.bitmap_index = 12161, .adv_w = 130, .box_w = 8, .box_h = 30, .ofs_x = -1, .ofs_y = -6},
    {.bitmap_index = 12281, .adv_w = 278, .box_w = 17, .box_h = 22, .ofs_x = 1, .ofs_y = 0},
    {.bitmap_index = 12468, .adv_w = 130, .box_w = 6, .box_h = 22, .ofs_x = 1, .ofs_y = 0},
    {.bitmap_index = 12534, .adv_w = 438, .box_w = 25, .box_h = 17, .ofs_x = 1, .ofs_y = 0},
    {.bitmap_index = 12747, .adv_w = 299, .box_w = 16, .box_h = 17, .ofs_x = 1, .ofs_y = 0},
    {.bitmap_index = 12883, .adv_w = 294, .box_w = 17, .box_h = 17, .ofs_x = 1, .ofs_y = 0},
    {.bitmap_index = 13028, .adv_w = 303, .box_w = 17, .box_h = 23, .ofs_x = 1, .ofs_y = -6},
    {.bitmap_index = 13224, .adv_w = 303, .box_w = 17, .box_h = 23, .ofs_x = 1, .ofs_y = -6},
    {.bitmap_index = 13420, .adv_w = 195, .box_w = 11, .box_h = 18, .ofs_x = 1, .ofs_y = 0},
    {.bitmap_index = 13519, .adv_w = 269, .box_w = 15, .box_h = 17, .ofs_x = 1, .ofs_y = 0},
    {.bitmap_index = 13647, .adv_w = 176, .box_w = 11, .box_h = 21, .ofs_x = 0, .ofs_y = 0},
    {.bitmap_index = 13763, .adv_w = 299, .box_w = 16, .box_h = 17, .ofs_x = 1, .ofs_y = 0},
    {.bitmap_index = 13899, .adv_w = 288, .box_w = 18, .box_h = 17, .ofs_x = 0, .ofs_y = 0},
    {.bitmap_index = 14052, .adv_w = 408, .box_w = 26, .box_h = 17, .ofs_x = 0, .ofs_y = 0},
    {.bitmap_index = 14273, .adv_w = 278, .box_w = 17, .box_h = 17, .ofs_x = 0, .ofs_y = 0},
    {.bitmap_index = 14418, .adv_w = 289, .box_w = 18, .box_h = 23, .ofs_x = 0, .ofs_y = -6},
    {.bitmap_index = 14625, .adv_w = 275, .box_w = 15, .box_h = 17, .ofs_x = 1, .ofs_y = 0},
    {.bitmap_index = 14753, .adv_w = 225, .box_w = 11, .box_h = 28, .ofs_x = 2, .ofs_y = -4},
    {.bitmap_index = 14907, .adv_w = 178, .box_w = 5, .box_h = 37, .ofs_x = 3, .ofs_y = -7},
    {.bitmap_index = 15000, .adv_w = 225, .box_w = 12, .box_h = 28, .ofs_x = 1, .ofs_y = -4},
    {.bitmap_index = 15168, .adv_w = 326, .box_w = 17, .box_h = 7, .ofs_x = 2, .ofs_y = 6},
    {.bitmap_index = 15228, .adv_w = 221, .box_w = 12, .box_h = 11, .ofs_x = 1, .ofs_y = 12},
    {.bitmap_index = 15294, .adv_w = 160, .box_w = 6, .box_h = 6, .ofs_x = 2, .ofs_y = 8},
    {.bitmap_index = 15312, .adv_w = 240, .box_w = 15, .box_h = 4, .ofs_x = 0, .ofs_y = 7},
    {.bitmap_index = 15342, .adv_w = 480, .box_w = 30, .box_h = 4, .ofs_x = 0, .ofs_y = 7},
    {.bitmap_index = 15402, .adv_w = 149, .box_w = 7, .box_h = 10, .ofs_x = 2, .ofs_y = 13},
    {.bitmap_index = 15437, .adv_w = 228, .box_w = 10, .box_h = 10, .ofs_x = 2, .ofs_y = 4},
    {.bitmap_index = 15487, .adv_w = 481, .box_w = 26, .box_h = 6, .ofs_x = 2, .ofs_y = 0},
    {.bitmap_index = 15565, .adv_w = 435, .box_w = 22, .box_h = 23, .ofs_x = 3, .ofs_y = 0},
    {.bitmap_index = 15818, .adv_w = 458, .box_w = 23, .box_h = 22, .ofs_x = 3, .ofs_y = -1},
    {.bitmap_index = 16071, .adv_w = 435, .box_w = 22, .box_h = 23, .ofs_x = 3, .ofs_y = -1}
};

/*---------------------
 *  CHARACTER MAPPING
 *--------------------*/

static const uint16_t unicode_list_1[] = {
    0x0, 0x7, 0x1f63, 0x1f64, 0x1f69, 0x1f72, 0x1f76, 0x20e1,
    0x20e2, 0x20e3
};

/*Collect the unicode lists and glyph_id offsets*/
static const lv_font_fmt_txt_cmap_t cmaps[] =
{
    {
        .range_start = 32, .range_length = 95, .glyph_id_start = 1,
        .unicode_list = NULL, .glyph_id_ofs_list = NULL, .list_length = 0, .type = LV_FONT_FMT_TXT_CMAP_FORMAT0_TINY
    },
    {
        .range_start = 176, .range_length = 8420, .glyph_id_start = 96,
        .unicode_list = unicode_list_1, .glyph_id_ofs_list = NULL, .list_length = 10, .type = LV_FONT_FMT_TXT_CMAP_SPARSE_TINY
    }
};

/*-----------------
 *    KERNING
 *----------------*/


/*Pair left and right glyphs for kerning*/
static const uint8_t kern_pair_glyph_ids[] =
{
    3, 7,
    3, 13,
    3, 15,
    3, 21,
    3, 102,
    6, 100,
    7, 3,
    7, 8,
    7, 61,
    8, 7,
    8, 13,
    8, 15,
    8, 21,
    8, 102,
    9, 93,
    11, 7,
    11, 13,
    11, 15,
    11, 21,
    11, 33,
    11, 64,
    11, 102,
    12, 19,
    12, 20,
    12, 24,
    12, 61,
    13, 1,
    13, 2,
    13, 3,
    13, 8,
    13, 17,
    13, 18,
    13, 20,
    13, 22,
    13, 23,
    13, 24,
    13, 25,
    13, 26,
    13, 32,
    13, 33,
    13, 100,
    14, 19,
    14, 20,
    14, 24,
    14, 61,
    15, 1,
    15, 2,
    15, 3,
    15, 8,
    15, 17,
    15, 18,
    15, 20,
    15, 22,
    15, 23,
    15, 24,
    15, 25,
    15, 26,
    15, 32,
    15, 33,
    15, 100,
    16, 13,
    16, 15,
    16, 61,
    16, 102,
    17, 13,
    17, 15,
    17, 24,
    17, 61,
    17, 64,
    17, 102,
    18, 10,
    18, 62,
    18, 64,
    18, 94,
    19, 21,
    20, 11,
    20, 13,
    20, 15,
    20, 63,
    20, 96,
    20, 102,
    21, 11,
    21, 13,
    21, 15,
    21, 18,
    21, 63,
    21, 96,
    21, 102,
    22, 11,
    22, 13,
    22, 15,
    22, 63,
    22, 96,
    22, 102,
    23, 13,
    23, 15,
    23, 64,
    23, 102,
    24, 4,
    24, 7,
    24, 13,
    24, 15,
    24, 17,
    24, 20,
    24, 21,
    24, 22,
    24, 23,
    24, 24,
    24, 25,
    24, 26,
    24, 27,
    24, 28,
    24, 29,
    24, 64,
    24, 102,
    25, 11,
    25, 13,
    25, 15,
    25, 63,
    25, 96,
    25, 102,
    26, 13,
    26, 15,
    26, 24,
    26, 61,
    26, 64,
    26, 102,
    27, 61,
    28, 61,
    30, 61,
    31, 24,
    31, 61,
    33, 13,
    33, 15,
    33, 16,
    33, 61,
    33, 64,
    33, 102,
    60, 93,
    61, 3,
    61, 5,
    61, 8,
    61, 11,
    61, 12,
    61, 14,
    61, 16,
    61, 18,
    61, 29,
    61, 30,
    61, 32,
    61, 33,
    61, 61,
    61, 63,
    61, 95,
    61, 96,
    61, 97,
    61, 100,
    61, 101,
    61, 104,
    63, 7,
    63, 13,
    63, 15,
    63, 21,
    63, 33,
    63, 64,
    63, 102,
    64, 11,
    64, 17,
    64, 18,
    64, 20,
    64, 21,
    64, 22,
    64, 23,
    64, 25,
    64, 26,
    64, 33,
    64, 61,
    64, 63,
    64, 93,
    64, 96,
    92, 93,
    93, 10,
    93, 62,
    93, 64,
    93, 94,
    95, 19,
    95, 20,
    95, 24,
    95, 61,
    96, 7,
    96, 13,
    96, 15,
    96, 21,
    96, 33,
    96, 64,
    96, 102,
    97, 19,
    97, 20,
    97, 24,
    97, 61,
    100, 4,
    100, 7,
    100, 12,
    100, 13,
    100, 14,
    100, 15,
    100, 16,
    100, 17,
    100, 21,
    100, 23,
    100, 24,
    100, 25,
    100, 27,
    100, 28,
    100, 29,
    100, 30,
    100, 33,
    100, 64,
    100, 95,
    100, 97,
    100, 102,
    100, 104,
    101, 61,
    102, 1,
    102, 2,
    102, 3,
    102, 8,
    102, 17,
    102, 18,
    102, 20,
    102, 22,
    102, 23,
    102, 24,
    102, 25,
    102, 26,
    102, 32,
    102, 33,
    102, 100
};

/* Kerning between the respective left and right glyphs
 * 4.4 format which needs to scaled with `kern_scale`*/
static const int8_t kern_pair_values[] =
{
    -16, -43, -43, -30, -43, -33, -16, -16,
    -30, -16, -43, -43, -30, -43, 9, -16,
    -65, -65, -22, -8, -33, -65, -10, -3,
    -14, -22, -15, -6, -48, -48, -14, -43,
    -11, -3, -14, -12, -14, -6, -42, -21,
    -45, -10, -3, -14, -22, -15, -6, -48,
    -48, -14, -43, -11, -3, -14, -12, -14,
    -6, -42, -21, -45, -19, -19, 4, -19,
    -14, -14, -9, -12, -22, -14, 9, 9,
    9, 9, -7, -3, -10, -10, -3, -3,
    -10, -17, -16, -16, -18, -17, -17, -16,
    -3, -11, -11, -3, -3, -11, -14, -14,
    -22, -14, -27, -22, -60, -60, -7, -8,
    -28, -5, -7, 9, -7, -5, -16, -16,
    -44, -76, -60, -3, -10, -10, -3, -3,
    -10, -14, -14, -9, -12, -22, -14, -30,
    -30, -33, -35, -35, -21, -21, -19, -19,
    -19, -21, 9, -38, -7, -38, -45, -16,
    -16, 6, -24, -18, -24, -30, -20, -23,
    -45, -16, -45, -16, -27, -16, -16, -16,
    -65, -65, -22, -8, -33, -65, -33, -22,
    -52, -22, -27, -22, -22, -22, -22, -19,
    -38, -33, 16, -33, 9, 9, 9, 9,
    9, -10, -3, -14, -22, -16, -65, -65,
    -22, -8, -33, -65, -10, -3, -14, -19,
    -60, -33, -26, -62, -26, -62, -68, -22,
    -46, -22, -30, -19, -27, -27, -46, -27,
    -27, -19, -22, -26, -62, -26, -19, -15,
    -6, -48, -48, -14, -43, -11, -3, -14,
    -12, -14, -6, -42, -21, -45
};

/*Collect the kern pair's data in one place*/
static const lv_font_fmt_txt_kern_pair_t kern_pairs =
{
    .glyph_ids = kern_pair_glyph_ids,
    .values = kern_pair_values,
    .pair_cnt = 238,
    .glyph_ids_size = 0
};

/*--------------------
 *  ALL CUSTOM DATA
 *--------------------*/

#if LVGL_VERSION_MAJOR == 8
/*Store all the custom data of the font*/
static  lv_font_fmt_txt_glyph_cache_t cache;
#endif

#if LVGL_VERSION_MAJOR >= 8
static const lv_font_fmt_txt_dsc_t font_dsc = {
#else
static lv_font_fmt_txt_dsc_t font_dsc = {
#endif
    .glyph_bitmap = glyph_bitmap,
    .glyph_dsc = glyph_dsc,
    .cmaps = cmaps,
    .kern_dsc = &kern_pairs,
    .kern_scale = 16,
    .cmap_num = 2,
    .bpp = 4,
    .kern_classes = 0,
    .bitmap_format = 0,
#if LVGL_VERSION_MAJOR == 8
    .cache = &cache
#endif
};

extern const lv_font_t fs_icons_24;


/*-----------------
 *  PUBLIC FONT
 *----------------*/

/*Initialize a public general font descriptor*/
#if LVGL_VERSION_MAJOR >= 8
const lv_font_t fs_text_30 = {
#else
lv_font_t fs_text_30 = {
#endif
    .get_glyph_dsc = lv_font_get_glyph_dsc_fmt_txt,    /*Function pointer to get glyph's data*/
    .get_glyph_bitmap = lv_font_get_bitmap_fmt_txt,    /*Function pointer to get glyph's bitmap*/
    .line_height = 37,          /*The maximum line height required by the font*/
    .base_line = 7,             /*Baseline measured from the bottom of the line*/
#if !(LVGL_VERSION_MAJOR == 6 && LVGL_VERSION_MINOR == 0)
    .subpx = LV_FONT_SUBPX_NONE,
#endif
#if LV_VERSION_CHECK(7, 4, 0) || LVGL_VERSION_MAJOR >= 8
    .underline_position = -5,
    .underline_thickness = 3,
#endif
    .dsc = &font_dsc,          /*The custom font data. Will be accessed by `get_glyph_bitmap/dsc` */
#if LV_VERSION_CHECK(8, 2, 0) || LVGL_VERSION_MAJOR >= 9
    .fallback = &fs_icons_24,
#endif
    .user_data = NULL,
};



#endif /*#if FS_TEXT_30*/

